{"exts": [{"type": "ext", "name": "decidim-budgets/bin/rails", "bus_factor": [{"knowledge": 100.0, "author": "David Rodr\u00edguez"}]}, {"type": "ext", "name": "decidim-meetings/bin/rails", "bus_factor": [{"knowledge": 60.0, "author": "David Rodr\u00edguez"}, {"knowledge": 40.0, "author": "beagleknight"}]}, {"type": "ext", "name": "babelrc", "bus_factor": [{"knowledge": 100.0, "author": "beagleknight"}]}, {"type": "ext", "name": "decidim-proposals/bin/rails", "bus_factor": [{"knowledge": 100.0, "author": "David Rodr\u00edguez"}]}, {"type": "ext", "name": "lock", "bus_factor": [{"knowledge": 53.06, "author": "beagleknight"}, {"knowledge": 46.94, "author": "Josep Jaume Rey Peroy"}]}, {"type": "ext", "name": "decidim-system/rakefile", "bus_factor": [{"knowledge": 40.0, "author": "Josep Jaume Rey Peroy"}, {"knowledge": 33.33, "author": "David Rodr\u00edguez"}, {"knowledge": 26.67, "author": "Oriol Gual"}]}, {"type": "ext", "name": "decidim-api/rakefile", "bus_factor": [{"knowledge": 100.0, "author": "David Rodr\u00edguez"}]}, {"type": "ext", "name": "decidim-surveys/rakefile", "bus_factor": [{"knowledge": 100.0, "author": "beagleknight"}]}, {"type": "ext", "name": "jpeg", "bus_factor": [{"knowledge": 54.55, "author": "Marc Riera"}, {"knowledge": 27.27, "author": "Josep Jaume Rey Peroy"}]}, {"type": "ext", "name": "ts", "bus_factor": [{"knowledge": 69.61, "author": "beagleknight"}]}, {"type": "ext", "name": "decidim-system/bin/rails", "bus_factor": [{"knowledge": 100.0, "author": "David Rodr\u00edguez"}]}, {"type": "ext", "name": "decidim-results/bin/rails", "bus_factor": [{"knowledge": 100.0, "author": "David Rodr\u00edguez"}]}, {"type": "ext", "name": "decidim-pages/rakefile", "bus_factor": [{"knowledge": 100.0, "author": "David Rodr\u00edguez"}]}, {"type": "ext", "name": "mention-bot", "bus_factor": [{"knowledge": 100.0, "author": "Josep Jaume Rey Peroy"}]}, {"type": "ext", "name": "txt", "bus_factor": [{"knowledge": 100.0, "author": "Josep Jaume Rey Peroy"}]}, {"type": "ext", "name": "decidim-admin/rakefile", "bus_factor": [{"knowledge": 40.0, "author": "Josep Jaume Rey Peroy"}, {"knowledge": 33.33, "author": "David Rodr\u00edguez"}, {"knowledge": 26.67, "author": "Oriol Gual"}]}, {"type": "ext", "name": "gitattributes", "bus_factor": [{"knowledge": 100.0, "author": "beagleknight"}]}, {"type": "ext", "name": "decidim-proposals/rakefile", "bus_factor": [{"knowledge": 60.0, "author": "David Rodr\u00edguez"}, {"knowledge": 40.0, "author": "Marc Divins Castellvi"}]}, {"type": "ext", "name": "csslintrc", "bus_factor": [{"knowledge": 100.0, "author": "Oriol Gual"}]}, {"type": "ext", "name": "graphql", "bus_factor": [{"knowledge": 93.79, "author": "beagleknight"}]}, {"type": "ext", "name": "decidim-budgets/rakefile", "bus_factor": [{"knowledge": 100.0, "author": "David Rodr\u00edguez"}]}, {"type": "ext", "name": "ttf", "bus_factor": [{"knowledge": 100.0, "author": "Josep Jaume Rey Peroy"}]}, {"type": "ext", "name": "yaml", "bus_factor": [{"knowledge": 60.0, "author": "decidim-bot"}, {"knowledge": 40.0, "author": "Josep Jaume Rey Peroy"}]}, {"type": "ext", "name": "json", "bus_factor": [{"knowledge": 63.48, "author": "beagleknight"}]}, {"type": "ext", "name": "rb", "bus_factor": [{"knowledge": 57.84, "author": "David Rodr\u00edguez"}]}, {"type": "ext", "name": "gemspec", "bus_factor": [{"knowledge": 40.83, "author": "David Rodr\u00edguez"}, {"knowledge": 36.2, "author": "Josep Jaume Rey Peroy"}]}, {"type": "ext", "name": "decidim-admin/bin/rails", "bus_factor": [{"knowledge": 100.0, "author": "David Rodr\u00edguez"}]}, {"type": "ext", "name": "eot", "bus_factor": [{"knowledge": 100.0, "author": "Josep Jaume Rey Peroy"}]}, {"type": "ext", "name": "dockerfile", "bus_factor": [{"knowledge": 43.06, "author": "beagleknight"}, {"knowledge": 29.17, "author": "Oriol Gual"}, {"knowledge": 27.78, "author": "Marc Riera"}]}, {"type": "ext", "name": "yml", "bus_factor": [{"knowledge": 58.19, "author": "decidim-bot"}]}, {"type": "ext", "name": "css", "bus_factor": [{"knowledge": 47.37, "author": "beagleknight"}, {"knowledge": 31.58, "author": "Aitor Porro"}]}, {"type": "ext", "name": "decidim-api/bin/rails", "bus_factor": [{"knowledge": 100.0, "author": "David Rodr\u00edguez"}]}, {"type": "ext", "name": "decidim-results/rakefile", "bus_factor": [{"knowledge": 100.0, "author": "David Rodr\u00edguez"}]}, {"type": "ext", "name": "map", "bus_factor": [{"knowledge": 100.0, "author": "Aitor Porro"}]}, {"type": "ext", "name": "docx", "bus_factor": [{"knowledge": 50.0, "author": "Josep Jaume Rey Peroy"}, {"knowledge": 50.0, "author": "Oriol Gual"}]}, {"type": "ext", "name": "decidim-dev/rakefile", "bus_factor": [{"knowledge": 100.0, "author": "David Rodr\u00edguez"}]}, {"type": "ext", "name": "tsx", "bus_factor": [{"knowledge": 78.58, "author": "beagleknight"}]}, {"type": "ext", "name": "es6", "bus_factor": [{"knowledge": 61.09, "author": "beagleknight"}]}, {"type": "ext", "name": "decidim-comments/bin/rails", "bus_factor": [{"knowledge": 100.0, "author": "David Rodr\u00edguez"}]}, {"type": "ext", "name": "odt", "bus_factor": [{"knowledge": 50.0, "author": "Josep Jaume Rey Peroy"}, {"knowledge": 50.0, "author": "Oriol Gual"}]}, {"type": "ext", "name": "woff", "bus_factor": [{"knowledge": 100.0, "author": "Josep Jaume Rey Peroy"}]}, {"type": "ext", "name": "rake", "bus_factor": [{"knowledge": 35.71, "author": "Josep Jaume Rey Peroy"}, {"knowledge": 30.61, "author": "David Rodr\u00edguez"}, {"knowledge": 30.61, "author": "Oriol Gual"}]}, {"type": "ext", "name": "dockerignore", "bus_factor": [{"knowledge": 100.0, "author": "beagleknight"}]}, {"type": "ext", "name": "js", "bus_factor": [{"knowledge": 33.0, "author": "beagleknight"}, {"knowledge": 30.97, "author": "Aitor Porro"}, {"knowledge": 20.45, "author": "Josep Jaume Rey Peroy"}]}, {"type": "ext", "name": "ruby-version", "bus_factor": [{"knowledge": 60.0, "author": "Oriol Gual"}, {"knowledge": 40.0, "author": "Marc Riera"}]}, {"type": "ext", "name": "yardopts", "bus_factor": [{"knowledge": 100.0, "author": "Josep Jaume Rey Peroy"}]}, {"type": "ext", "name": "decidim-pages/bin/rails", "bus_factor": [{"knowledge": 100.0, "author": "David Rodr\u00edguez"}]}, {"type": "ext", "name": "jpg", "bus_factor": [{"knowledge": 64.29, "author": "Josep Jaume Rey Peroy"}]}, {"type": "ext", "name": "decidim-meetings/rakefile", "bus_factor": [{"knowledge": 60.0, "author": "David Rodr\u00edguez"}, {"knowledge": 40.0, "author": "Josep Jaume Rey Peroy"}]}, {"type": "ext", "name": "woff2", "bus_factor": [{"knowledge": 100.0, "author": "Josep Jaume Rey Peroy"}]}, {"type": "ext", "name": "png", "bus_factor": [{"knowledge": 50.0, "author": "Josep Jaume Rey Peroy"}, {"knowledge": 50.0, "author": "Oriol Gual"}]}, {"type": "ext", "name": "keep", "bus_factor": [{"knowledge": 62.5, "author": "Oriol Gual"}, {"knowledge": 37.5, "author": "Josep Jaume Rey Peroy"}]}, {"type": "ext", "name": "scss", "bus_factor": [{"knowledge": 35.31, "author": "Josep Jaume Rey Peroy"}, {"knowledge": 24.27, "author": "David Rodr\u00edguez"}, {"knowledge": 22.95, "author": "Oriol Gual"}]}, {"type": "ext", "name": "eslintignore", "bus_factor": [{"knowledge": 40.0, "author": "beagleknight"}, {"knowledge": 32.0, "author": "Josep Jaume Rey Peroy"}, {"knowledge": 28.0, "author": "David Rodr\u00edguez"}]}, {"type": "ext", "name": "sass", "bus_factor": [{"knowledge": 60.0, "author": "Josep Jaume Rey Peroy"}, {"knowledge": 40.0, "author": "Marc Riera"}]}, {"type": "ext", "name": "svg", "bus_factor": [{"knowledge": 58.14, "author": "Josep Jaume Rey Peroy"}]}, {"type": "ext", "name": "md", "bus_factor": [{"knowledge": 41.68, "author": "Oriol Gual"}, {"knowledge": 22.27, "author": "Josep Jaume Rey Peroy"}, {"knowledge": 14.43, "author": "beagleknight"}]}, {"type": "ext", "name": "decidim-core/rakefile", "bus_factor": [{"knowledge": 42.31, "author": "Josep Jaume Rey Peroy"}, {"knowledge": 30.77, "author": "Oriol Gual"}, {"knowledge": 26.92, "author": "David Rodr\u00edguez"}]}, {"type": "ext", "name": "bin/decidim", "bus_factor": [{"knowledge": 100.0, "author": "Oriol Gual"}]}, {"type": "ext", "name": "erb", "bus_factor": [{"knowledge": 31.98, "author": "Josep Jaume Rey Peroy"}, {"knowledge": 21.28, "author": "beagleknight"}, {"knowledge": 17.03, "author": "Oriol Gual"}, {"knowledge": 11.66, "author": "Marc Riera"}]}, {"type": "ext", "name": "decidim-core/bin/rails", "bus_factor": [{"knowledge": 60.0, "author": "David Rodr\u00edguez"}, {"knowledge": 40.0, "author": "Oriol Gual"}]}, {"type": "ext", "name": "pdf", "bus_factor": [{"knowledge": 40.0, "author": "beagleknight"}, {"knowledge": 40.0, "author": "Oriol Gual"}, {"knowledge": 20.0, "author": "Josep Jaume Rey Peroy"}]}, {"type": "ext", "name": "decidim-surveys/bin/rails", "bus_factor": [{"knowledge": 100.0, "author": "David Rodr\u00edguez"}]}, {"type": "ext", "name": "decidim-comments/rakefile", "bus_factor": [{"knowledge": 60.0, "author": "David Rodr\u00edguez"}, {"knowledge": 40.0, "author": "Josep Jaume Rey Peroy"}]}]}
