{"user_relevance": [{"status": "in bus factor", "type": "user", "name": "David Rodr\u00edguez", "knowledge": 36.63}, {"status": "in bus factor", "type": "user", "name": "beagleknight", "knowledge": 18.98}, {"status": "in bus factor", "type": "user", "name": "Josep Jaume Rey Peroy", "knowledge": 17.82}, {"status": "not in bus factor", "type": "user", "name": "Oriol Gual", "knowledge": 9.54}, {"status": "not in bus factor", "type": "user", "name": "Marc Riera", "knowledge": 5.65}, {"status": "not in bus factor", "type": "user", "name": "Aitor Porro", "knowledge": 5.11}, {"status": "not in bus factor", "type": "user", "name": "decidim-bot", "knowledge": 3.36}, {"status": "not in bus factor", "type": "user", "name": "Gen\u00eds Matutes", "knowledge": 2.41}, {"status": "not in bus factor", "type": "user", "name": "Antti Hukkanen", "knowledge": 0.13}, {"status": "not in bus factor", "type": "user", "name": "Marc Divins Castellvi", "knowledge": 0.12}, {"status": "not in bus factor", "type": "user", "name": "Xavier Red\u00f3", "knowledge": 0.1}, {"status": "not in bus factor", "type": "user", "name": "Andr\u00e9s Lucena", "knowledge": 0.07}, {"status": "not in bus factor", "type": "user", "name": "Amaia Castro", "knowledge": 0.07}, {"status": "not in bus factor", "type": "user", "name": "Leninux", "knowledge": 0}, {"status": "not in bus factor", "type": "user", "name": "GitHub", "knowledge": 0}, {"status": "not in bus factor", "type": "user", "name": "Jaime Iniesta", "knowledge": 0}, {"status": "not in bus factor", "type": "user", "name": "Xabier E. Barandiaran", "knowledge": 0}]}
