{"dirs": [{"ref": "origin/master", "type": "dir", "name": "decidim_hospitalet-surveys/app/views/devise/mailer/", "bus_factor": [{"knowledge": 100.0, "author": "Oriol Gual"}]}, {"ref": "origin/master", "type": "dir", "name": "decidim_hospitalet-surveys/app/models/", "bus_factor": [{"knowledge": 75.0, "author": "Oriol Gual"}]}, {"ref": "origin/master", "type": "dir", "name": "config/locales/", "bus_factor": [{"knowledge": 41.51, "author": "Oriol Gual"}, {"knowledge": 32.08, "author": "Gen\u00eds Matutes"}, {"knowledge": 26.42, "author": "Marc Riera"}]}, {"ref": "origin/master", "type": "dir", "name": "decidim_hospitalet-surveys/app/views/decidim_hospitalet/surveys/admin/", "bus_factor": [{"knowledge": 55.89, "author": "Oriol Gual"}, {"knowledge": 36.44, "author": "David Morcillo"}]}, {"ref": "origin/master", "type": "dir", "name": "lib/", "bus_factor": [{"knowledge": 100.0, "author": "Josep Jaume Rey Peroy"}]}, {"ref": "origin/master", "type": "dir", "name": "config/environments/", "bus_factor": [{"knowledge": 100.0, "author": "Josep Jaume Rey Peroy"}]}, {"ref": "origin/master", "type": "dir", "name": "app/views/", "bus_factor": [{"knowledge": 53.33, "author": "Josep Jaume Rey Peroy"}, {"knowledge": 26.67, "author": "David Morcillo"}]}, {"ref": "origin/master", "type": "dir", "name": "decidim_hospitalet-surveys/spec/lib/decidim_hospitalet/surveys/", "bus_factor": [{"knowledge": 100.0, "author": "Oriol Gual"}]}, {"ref": "origin/master", "type": "dir", "name": "app/mailers/", "bus_factor": [{"knowledge": 100.0, "author": "Josep Jaume Rey Peroy"}]}, {"ref": "origin/master", "type": "dir", "name": "app/views/decidim/devise/", "bus_factor": [{"knowledge": 100.0, "author": "David Morcillo"}]}, {"ref": "origin/master", "type": "dir", "name": "decidim_hospitalet-surveys/spec/commands/decidim_hospitalet/", "bus_factor": [{"knowledge": 59.43, "author": "Oriol Gual"}]}, {"ref": "origin/master", "type": "dir", "name": "decidim_hospitalet-surveys/app/commands/", "bus_factor": [{"knowledge": 52.73, "author": "Oriol Gual"}, {"knowledge": 28.52, "author": "Marc Riera"}]}, {"ref": "origin/master", "type": "dir", "name": "decidim_hospitalet-surveys/app/forms/decidim_hospitalet/surveys/", "bus_factor": [{"knowledge": 48.89, "author": "Oriol Gual"}, {"knowledge": 35.87, "author": "Marc Riera"}]}, {"ref": "origin/master", "type": "dir", "name": "public/", "bus_factor": [{"knowledge": 100.0, "author": "Josep Jaume Rey Peroy"}]}, {"ref": "origin/master", "type": "dir", "name": "decidim_hospitalet-surveys/app/commands/decidim_hospitalet/", "bus_factor": [{"knowledge": 52.73, "author": "Oriol Gual"}, {"knowledge": 28.52, "author": "Marc Riera"}]}, {"ref": "origin/master", "type": "dir", "name": "decidim_hospitalet-surveys/app/forms/decidim_hospitalet/", "bus_factor": [{"knowledge": 48.89, "author": "Oriol Gual"}, {"knowledge": 35.87, "author": "Marc Riera"}]}, {"ref": "origin/master", "type": "dir", "name": "test/", "bus_factor": [{"knowledge": 100.0, "author": "Josep Jaume Rey Peroy"}]}, {"ref": "origin/master", "type": "dir", "name": "decidim_hospitalet-surveys/db/", "bus_factor": [{"knowledge": 100.0, "author": "Oriol Gual"}]}, {"ref": "origin/master", "type": "dir", "name": "decidim_hospitalet-surveys/", "bus_factor": [{"knowledge": 71.41, "author": "Oriol Gual"}]}, {"ref": "origin/master", "type": "dir", "name": "decidim_hospitalet-surveys/spec/commands/decidim_hospitalet/surveys/", "bus_factor": [{"knowledge": 59.43, "author": "Oriol Gual"}]}, {"ref": "origin/master", "type": "dir", "name": "app/views/pages/home/", "bus_factor": [{"knowledge": 60.0, "author": "Oriol Gual"}, {"knowledge": 40.0, "author": "Josep Jaume Rey Peroy"}]}, {"ref": "origin/master", "type": "dir", "name": "decidim_hospitalet-surveys/app/models/decidim_hospitalet/", "bus_factor": [{"knowledge": 75.0, "author": "Oriol Gual"}]}, {"ref": "origin/master", "type": "dir", "name": "vendor/assets/stylesheets/", "bus_factor": [{"knowledge": 100.0, "author": "Josep Jaume Rey Peroy"}]}, {"ref": "origin/master", "type": "dir", "name": "test/controllers/", "bus_factor": [{"knowledge": 100.0, "author": "Josep Jaume Rey Peroy"}]}, {"ref": "origin/master", "type": "dir", "name": "decidim_hospitalet-surveys/spec/presenters/", "bus_factor": [{"knowledge": 60.0, "author": "Oriol Gual"}, {"knowledge": 40.0, "author": "Aitor Porro"}]}, {"ref": "origin/master", "type": "dir", "name": "app/models/concerns/", "bus_factor": [{"knowledge": 100.0, "author": "Josep Jaume Rey Peroy"}]}, {"ref": "origin/master", "type": "dir", "name": "decidim_hospitalet-surveys/app/helpers/decidim_hospitalet/surveys/", "bus_factor": [{"knowledge": 100.0, "author": "Oriol Gual"}]}, {"ref": "origin/master", "type": "dir", "name": "decidim_hospitalet-surveys/spec/models/decidim_hospitalet/surveys/", "bus_factor": [{"knowledge": 77.78, "author": "Oriol Gual"}]}, {"ref": "origin/master", "type": "dir", "name": "test/models/", "bus_factor": [{"knowledge": 100.0, "author": "Josep Jaume Rey Peroy"}]}, {"ref": "origin/master", "type": "dir", "name": "app/views/pages/", "bus_factor": [{"knowledge": 60.0, "author": "Oriol Gual"}, {"knowledge": 40.0, "author": "Josep Jaume Rey Peroy"}]}, {"ref": "origin/master", "type": "dir", "name": "db/", "bus_factor": [{"knowledge": 58.28, "author": "Josep Jaume Rey Peroy"}, {"knowledge": 23.46, "author": "David Morcillo"}]}, {"ref": "origin/master", "type": "dir", "name": "decidim_hospitalet-surveys/app/forms/decidim_hospitalet/surveys/admin/", "bus_factor": [{"knowledge": 46.67, "author": "Oriol Gual"}, {"knowledge": 26.67, "author": "Marc Riera"}, {"knowledge": 26.67, "author": "Aitor Porro"}]}, {"ref": "origin/master", "type": "dir", "name": "decidim_hospitalet-surveys/app/services/decidim_hospitalet/surveys/", "bus_factor": [{"knowledge": 100.0, "author": "Oriol Gual"}]}, {"ref": "origin/master", "type": "dir", "name": "decidim_hospitalet-surveys/app/helpers/decidim_hospitalet/", "bus_factor": [{"knowledge": 100.0, "author": "Oriol Gual"}]}, {"ref": "origin/master", "type": "dir", "name": "app/jobs/", "bus_factor": [{"knowledge": 100.0, "author": "Josep Jaume Rey Peroy"}]}, {"ref": "origin/master", "type": "dir", "name": "decidim_hospitalet-surveys/spec/commands/decidim_hospitalet/surveys/admin/", "bus_factor": [{"knowledge": 72.27, "author": "Oriol Gual"}]}, {"ref": "origin/master", "type": "dir", "name": "decidim_hospitalet-surveys/app/models/decidim_hospitalet/surveys/", "bus_factor": [{"knowledge": 75.0, "author": "Oriol Gual"}]}, {"ref": "origin/master", "type": "dir", "name": "decidim_hospitalet-surveys/app/views/decidim_hospitalet/surveys/", "bus_factor": [{"knowledge": 53.11, "author": "Oriol Gual"}]}, {"ref": "origin/master", "type": "dir", "name": "decidim_hospitalet-surveys/app/views/decidim_hospitalet/", "bus_factor": [{"knowledge": 53.11, "author": "Oriol Gual"}]}, {"ref": "origin/master", "type": "dir", "name": "decidim_hospitalet-surveys/app/controllers/decidim_hospitalet/surveys/", "bus_factor": [{"knowledge": 76.6, "author": "Oriol Gual"}]}, {"ref": "origin/master", "type": "dir", "name": "decidim_hospitalet-surveys/app/presenters/", "bus_factor": [{"knowledge": 60.0, "author": "Oriol Gual"}, {"knowledge": 40.0, "author": "Aitor Porro"}]}, {"ref": "origin/master", "type": "dir", "name": "decidim_hospitalet-surveys/app/controllers/decidim_hospitalet/", "bus_factor": [{"knowledge": 76.6, "author": "Oriol Gual"}]}, {"ref": "origin/master", "type": "dir", "name": "decidim_hospitalet-surveys/spec/models/decidim_hospitalet/", "bus_factor": [{"knowledge": 77.78, "author": "Oriol Gual"}]}, {"ref": "origin/master", "type": "dir", "name": "test/helpers/", "bus_factor": [{"knowledge": 100.0, "author": "Josep Jaume Rey Peroy"}]}, {"ref": "origin/master", "type": "dir", "name": "app/assets/stylesheets/", "bus_factor": [{"knowledge": 60.0, "author": "Josep Jaume Rey Peroy"}, {"knowledge": 40.0, "author": "Gen\u00eds Matutes"}]}, {"ref": "origin/master", "type": "dir", "name": "decidim_hospitalet-surveys/app/views/devise/", "bus_factor": [{"knowledge": 100.0, "author": "Oriol Gual"}]}, {"ref": "origin/master", "type": "dir", "name": "app/assets/javascripts/", "bus_factor": [{"knowledge": 100.0, "author": "Josep Jaume Rey Peroy"}]}, {"ref": "origin/master", "type": "dir", "name": "app/views/decidim/devise/registrations/", "bus_factor": [{"knowledge": 100.0, "author": "David Morcillo"}]}, {"ref": "origin/master", "type": "dir", "name": "vendor/", "bus_factor": [{"knowledge": 100.0, "author": "Josep Jaume Rey Peroy"}]}, {"ref": "origin/master", "type": "dir", "name": "app/assets/images/", "bus_factor": [{"knowledge": 100.0, "author": "Josep Jaume Rey Peroy"}]}, {"ref": "origin/master", "type": "dir", "name": "app/", "bus_factor": [{"knowledge": 86.73, "author": "Josep Jaume Rey Peroy"}]}, {"ref": "origin/master", "type": "dir", "name": "app/assets/", "bus_factor": [{"knowledge": 90.0, "author": "Josep Jaume Rey Peroy"}]}, {"ref": "origin/master", "type": "dir", "name": "decidim_hospitalet-surveys/app/controllers/", "bus_factor": [{"knowledge": 76.6, "author": "Oriol Gual"}]}, {"ref": "origin/master", "type": "dir", "name": "app/controllers/concerns/", "bus_factor": [{"knowledge": 100.0, "author": "Josep Jaume Rey Peroy"}]}, {"ref": "origin/master", "type": "dir", "name": "decidim_hospitalet-surveys/spec/", "bus_factor": [{"knowledge": 71.19, "author": "Oriol Gual"}]}, {"ref": "origin/master", "type": "dir", "name": "decidim_hospitalet-surveys/config/locales/", "bus_factor": [{"knowledge": 40.74, "author": "David Morcillo"}, {"knowledge": 37.04, "author": "Oriol Gual"}, {"knowledge": 22.22, "author": "Aitor Porro"}]}, {"ref": "origin/master", "type": "dir", "name": "decidim_hospitalet-surveys/spec/presenters/decidim_hospitalet/surveys/", "bus_factor": [{"knowledge": 60.0, "author": "Oriol Gual"}, {"knowledge": 40.0, "author": "Aitor Porro"}]}, {"ref": "origin/master", "type": "dir", "name": "vendor/assets/", "bus_factor": [{"knowledge": 100.0, "author": "Josep Jaume Rey Peroy"}]}, {"ref": "origin/master", "type": "dir", "name": "decidim_hospitalet-surveys/app/assets/images/", "bus_factor": [{"knowledge": 60.0, "author": "Oriol Gual"}, {"knowledge": 40.0, "author": "Josep Jaume Rey Peroy"}]}, {"ref": "origin/master", "type": "dir", "name": "decidim_hospitalet-surveys/lib/", "bus_factor": [{"knowledge": 81.82, "author": "Oriol Gual"}]}, {"ref": "origin/master", "type": "dir", "name": "decidim_hospitalet-surveys/app/views/", "bus_factor": [{"knowledge": 61.23, "author": "Oriol Gual"}]}, {"ref": "origin/master", "type": "dir", "name": "app/assets/javascripts/channels/", "bus_factor": [{"knowledge": 100.0, "author": "Josep Jaume Rey Peroy"}]}, {"ref": "origin/master", "type": "dir", "name": "tmp/", "bus_factor": [{"knowledge": 100.0, "author": "Josep Jaume Rey Peroy"}]}, {"ref": "origin/master", "type": "dir", "name": "decidim_hospitalet-surveys/spec/forms/decidim_hospitalet/surveys/admin/", "bus_factor": [{"knowledge": 60.0, "author": "Oriol Gual"}, {"knowledge": 40.0, "author": "Aitor Porro"}]}, {"ref": "origin/master", "type": "dir", "name": "decidim_hospitalet-surveys/app/", "bus_factor": [{"knowledge": 67.64, "author": "Oriol Gual"}]}, {"ref": "origin/master", "type": "dir", "name": "config/", "bus_factor": [{"knowledge": 77.57, "author": "Josep Jaume Rey Peroy"}]}, {"ref": "origin/master", "type": "dir", "name": "decidim_hospitalet-surveys/spec/forms/decidim_hospitalet/", "bus_factor": [{"knowledge": 49.02, "author": "Oriol Gual"}]}, {"ref": "origin/master", "type": "dir", "name": "log/", "bus_factor": [{"knowledge": 100.0, "author": "Josep Jaume Rey Peroy"}]}, {"ref": "origin/master", "type": "dir", "name": "decidim_hospitalet-surveys/app/assets/images/decidim_hospitalet/surveys/", "bus_factor": [{"knowledge": 60.0, "author": "Oriol Gual"}, {"knowledge": 40.0, "author": "Josep Jaume Rey Peroy"}]}, {"ref": "origin/master", "type": "dir", "name": "decidim_hospitalet-surveys/app/assets/", "bus_factor": [{"knowledge": 60.0, "author": "Oriol Gual"}, {"knowledge": 40.0, "author": "Josep Jaume Rey Peroy"}]}, {"ref": "origin/master", "type": "dir", "name": "decidim_hospitalet-surveys/spec/forms/decidim_hospitalet/surveys/", "bus_factor": [{"knowledge": 49.02, "author": "Oriol Gual"}]}, {"ref": "origin/master", "type": "dir", "name": "decidim_hospitalet-surveys/spec/presenters/decidim_hospitalet/", "bus_factor": [{"knowledge": 60.0, "author": "Oriol Gual"}, {"knowledge": 40.0, "author": "Aitor Porro"}]}, {"ref": "origin/master", "type": "dir", "name": "test/integration/", "bus_factor": [{"knowledge": 100.0, "author": "Josep Jaume Rey Peroy"}]}, {"ref": "origin/master", "type": "dir", "name": "decidim_hospitalet-surveys/app/services/decidim_hospitalet/", "bus_factor": [{"knowledge": 100.0, "author": "Oriol Gual"}]}, {"ref": "origin/master", "type": "dir", "name": "decidim_hospitalet-surveys/spec/shared/", "bus_factor": [{"knowledge": 77.78, "author": "Oriol Gual"}]}, {"ref": "origin/master", "type": "dir", "name": "decidim_hospitalet-surveys/lib/decidim_hospitalet/surveys/", "bus_factor": [{"knowledge": 77.78, "author": "Oriol Gual"}]}, {"ref": "origin/master", "type": "dir", "name": "bin/", "bus_factor": [{"knowledge": 100.0, "author": "Josep Jaume Rey Peroy"}]}, {"ref": "origin/master", "type": "dir", "name": "decidim_hospitalet-surveys/spec/features/", "bus_factor": [{"knowledge": 79.35, "author": "Oriol Gual"}]}, {"ref": "origin/master", "type": "dir", "name": "app/helpers/", "bus_factor": [{"knowledge": 100.0, "author": "Josep Jaume Rey Peroy"}]}, {"ref": "origin/master", "type": "dir", "name": "app/channels/", "bus_factor": [{"knowledge": 100.0, "author": "Josep Jaume Rey Peroy"}]}, {"ref": "origin/master", "type": "dir", "name": "decidim_hospitalet-surveys/spec/lib/", "bus_factor": [{"knowledge": 100.0, "author": "Oriol Gual"}]}, {"ref": "origin/master", "type": "dir", "name": "decidim_hospitalet-surveys/app/commands/decidim_hospitalet/surveys/admin/", "bus_factor": [{"knowledge": 60.6, "author": "Oriol Gual"}]}, {"ref": "origin/master", "type": "dir", "name": "app/channels/application_cable/", "bus_factor": [{"knowledge": 100.0, "author": "Josep Jaume Rey Peroy"}]}, {"ref": "origin/master", "type": "dir", "name": "test/mailers/", "bus_factor": [{"knowledge": 100.0, "author": "Josep Jaume Rey Peroy"}]}, {"ref": "origin/master", "type": "dir", "name": "lib/tasks/", "bus_factor": [{"knowledge": 100.0, "author": "Josep Jaume Rey Peroy"}]}, {"ref": "origin/master", "type": "dir", "name": "decidim_hospitalet-surveys/app/views/decidim_hospitalet/surveys/survey_results/", "bus_factor": [{"knowledge": 49.75, "author": "Oriol Gual"}, {"knowledge": 40.36, "author": "Marc Riera"}]}, {"ref": "origin/master", "type": "dir", "name": "app/models/", "bus_factor": [{"knowledge": 100.0, "author": "Josep Jaume Rey Peroy"}]}, {"ref": "origin/master", "type": "dir", "name": "decidim_hospitalet-surveys/app/presenters/decidim_hospitalet/surveys/", "bus_factor": [{"knowledge": 60.0, "author": "Oriol Gual"}, {"knowledge": 40.0, "author": "Aitor Porro"}]}, {"ref": "origin/master", "type": "dir", "name": "test/fixtures/", "bus_factor": [{"knowledge": 100.0, "author": "Josep Jaume Rey Peroy"}]}, {"ref": "origin/master", "type": "dir", "name": "decidim_hospitalet-surveys/spec/lib/decidim_hospitalet/", "bus_factor": [{"knowledge": 100.0, "author": "Oriol Gual"}]}, {"ref": "origin/master", "type": "dir", "name": "app/controllers/", "bus_factor": [{"knowledge": 75.0, "author": "Josep Jaume Rey Peroy"}]}, {"ref": "origin/master", "type": "dir", "name": "decidim_hospitalet-surveys/app/helpers/decidim_hospitalet/surveys/admin/", "bus_factor": [{"knowledge": 100.0, "author": "Oriol Gual"}]}, {"ref": "origin/master", "type": "dir", "name": "decidim_hospitalet-surveys/app/forms/", "bus_factor": [{"knowledge": 48.89, "author": "Oriol Gual"}, {"knowledge": 35.87, "author": "Marc Riera"}]}, {"ref": "origin/master", "type": "dir", "name": "lib/assets/", "bus_factor": [{"knowledge": 100.0, "author": "Josep Jaume Rey Peroy"}]}, {"ref": "origin/master", "type": "dir", "name": "decidim_hospitalet-surveys/app/helpers/", "bus_factor": [{"knowledge": 100.0, "author": "Oriol Gual"}]}, {"ref": "origin/master", "type": "dir", "name": "decidim_hospitalet-surveys/lib/decidim_hospitalet/", "bus_factor": [{"knowledge": 81.82, "author": "Oriol Gual"}]}, {"ref": "origin/master", "type": "dir", "name": "test/fixtures/files/", "bus_factor": [{"knowledge": 100.0, "author": "Josep Jaume Rey Peroy"}]}, {"ref": "origin/master", "type": "dir", "name": "decidim_hospitalet-surveys/db/migrate/", "bus_factor": [{"knowledge": 100.0, "author": "Oriol Gual"}]}, {"ref": "origin/master", "type": "dir", "name": "decidim_hospitalet-surveys/app/commands/decidim_hospitalet/surveys/", "bus_factor": [{"knowledge": 52.73, "author": "Oriol Gual"}, {"knowledge": 28.52, "author": "Marc Riera"}]}, {"ref": "origin/master", "type": "dir", "name": "app/assets/config/", "bus_factor": [{"knowledge": 100.0, "author": "Josep Jaume Rey Peroy"}]}, {"ref": "origin/master", "type": "dir", "name": "decidim_hospitalet-surveys/spec/commands/", "bus_factor": [{"knowledge": 59.43, "author": "Oriol Gual"}]}, {"ref": "origin/master", "type": "dir", "name": "decidim_hospitalet-surveys/app/presenters/decidim_hospitalet/", "bus_factor": [{"knowledge": 60.0, "author": "Oriol Gual"}, {"knowledge": 40.0, "author": "Aitor Porro"}]}, {"ref": "origin/master", "type": "dir", "name": ".github/", "bus_factor": [{"knowledge": 100.0, "author": "Oriol Gual"}]}, {"ref": "origin/master", "type": "dir", "name": "decidim_hospitalet-surveys/app/assets/images/decidim_hospitalet/", "bus_factor": [{"knowledge": 60.0, "author": "Oriol Gual"}, {"knowledge": 40.0, "author": "Josep Jaume Rey Peroy"}]}, {"ref": "origin/master", "type": "dir", "name": "decidim_hospitalet-surveys/app/controllers/decidim_hospitalet/surveys/admin/", "bus_factor": [{"knowledge": 75.0, "author": "Oriol Gual"}]}, {"ref": "origin/master", "type": "dir", "name": "decidim_hospitalet-surveys/spec/models/", "bus_factor": [{"knowledge": 77.78, "author": "Oriol Gual"}]}, {"ref": "origin/master", "type": "dir", "name": "decidim_hospitalet-surveys/bin/", "bus_factor": [{"knowledge": 100.0, "author": "Oriol Gual"}]}, {"ref": "origin/master", "type": "dir", "name": "repository_root", "bus_factor": [{"knowledge": 53.1, "author": "Josep Jaume Rey Peroy"}, {"knowledge": 25.26, "author": "Marc Riera"}]}, {"ref": "origin/master", "type": "dir", "name": "config/initializers/", "bus_factor": [{"knowledge": 86.46, "author": "Josep Jaume Rey Peroy"}]}, {"ref": "origin/master", "type": "dir", "name": "app/views/decidim/", "bus_factor": [{"knowledge": 100.0, "author": "David Morcillo"}]}, {"ref": "origin/master", "type": "dir", "name": "vendor/assets/javascripts/", "bus_factor": [{"knowledge": 100.0, "author": "Josep Jaume Rey Peroy"}]}, {"ref": "origin/master", "type": "dir", "name": "decidim_hospitalet-surveys/app/services/", "bus_factor": [{"knowledge": 100.0, "author": "Oriol Gual"}]}, {"ref": "origin/master", "type": "dir", "name": "decidim_hospitalet-surveys/app/views/decidim_hospitalet/surveys/admin/survey_results/", "bus_factor": [{"knowledge": 55.89, "author": "Oriol Gual"}, {"knowledge": 36.44, "author": "David Morcillo"}]}, {"ref": "origin/master", "type": "dir", "name": "app/views/layouts/", "bus_factor": [{"knowledge": 100.0, "author": "Josep Jaume Rey Peroy"}]}, {"ref": "origin/master", "type": "dir", "name": "db/migrate/", "bus_factor": [{"knowledge": 58.82, "author": "Josep Jaume Rey Peroy"}, {"knowledge": 23.53, "author": "David Morcillo"}]}, {"ref": "origin/master", "type": "dir", "name": "decidim_hospitalet-surveys/spec/forms/", "bus_factor": [{"knowledge": 49.02, "author": "Oriol Gual"}]}, {"ref": "origin/master", "type": "dir", "name": "decidim_hospitalet-surveys/config/", "bus_factor": [{"knowledge": 45.24, "author": "Oriol Gual"}, {"knowledge": 28.57, "author": "Aitor Porro"}, {"knowledge": 26.19, "author": "David Morcillo"}]}]}
