{"exts": [{"type": "ext", "name": "procfile", "bus_factor": [{"knowledge": 100.0, "author": "Josep Jaume Rey Peroy"}]}, {"type": "ext", "name": "bin/bundle", "bus_factor": [{"knowledge": 100.0, "author": "Josep Jaume Rey Peroy"}]}, {"type": "ext", "name": "rb", "bus_factor": [{"knowledge": 53.38, "author": "Josep Jaume Rey Peroy"}, {"knowledge": 19.95, "author": "Oriol Gual"}, {"knowledge": 17.49, "author": "David Morcillo"}]}, {"type": "ext", "name": "ru", "bus_factor": [{"knowledge": 100.0, "author": "Josep Jaume Rey Peroy"}]}, {"type": "ext", "name": "lock", "bus_factor": [{"knowledge": 39.52, "author": "Josep Jaume Rey Peroy"}, {"knowledge": 22.45, "author": "David Morcillo"}]}, {"type": "ext", "name": "gemspec", "bus_factor": [{"knowledge": 60.0, "author": "Josep Jaume Rey Peroy"}, {"knowledge": 40.0, "author": "Oriol Gual"}]}, {"type": "ext", "name": "bin/setup", "bus_factor": [{"knowledge": 100.0, "author": "Josep Jaume Rey Peroy"}]}, {"type": "ext", "name": "js", "bus_factor": [{"knowledge": 100.0, "author": "Josep Jaume Rey Peroy"}]}, {"type": "ext", "name": "bin/update", "bus_factor": [{"knowledge": 100.0, "author": "Josep Jaume Rey Peroy"}]}, {"type": "ext", "name": "decidim_hospitalet-surveys/rakefile", "bus_factor": [{"knowledge": 100.0, "author": "Oriol Gual"}]}, {"type": "ext", "name": "keep", "bus_factor": [{"knowledge": 100.0, "author": "Josep Jaume Rey Peroy"}]}, {"type": "ext", "name": "png", "bus_factor": [{"knowledge": 100.0, "author": "Josep Jaume Rey Peroy"}]}, {"type": "ext", "name": "gitignore", "bus_factor": [{"knowledge": 60.0, "author": "Marc Riera"}, {"knowledge": 40.0, "author": "Aitor Porro"}]}, {"type": "ext", "name": "scss", "bus_factor": [{"knowledge": 100.0, "author": "Gen\u00eds Matutes"}]}, {"type": "ext", "name": "md", "bus_factor": [{"knowledge": 80.0, "author": "Oriol Gual"}]}, {"type": "ext", "name": "txt", "bus_factor": [{"knowledge": 50.0, "author": "Josep Jaume Rey Peroy"}, {"knowledge": 50.0, "author": "Marc Riera"}]}, {"type": "ext", "name": "ico", "bus_factor": [{"knowledge": 100.0, "author": "Josep Jaume Rey Peroy"}]}, {"type": "ext", "name": "svg", "bus_factor": [{"knowledge": 60.0, "author": "Oriol Gual"}, {"knowledge": 40.0, "author": "Josep Jaume Rey Peroy"}]}, {"type": "ext", "name": "decidim_hospitalet-surveys/bin/rails", "bus_factor": [{"knowledge": 100.0, "author": "Oriol Gual"}]}, {"type": "ext", "name": "bin/rails", "bus_factor": [{"knowledge": 100.0, "author": "Josep Jaume Rey Peroy"}]}, {"type": "ext", "name": "bin/spring", "bus_factor": [{"knowledge": 100.0, "author": "Josep Jaume Rey Peroy"}]}, {"type": "ext", "name": "rakefile", "bus_factor": [{"knowledge": 100.0, "author": "Josep Jaume Rey Peroy"}]}, {"type": "ext", "name": "json", "bus_factor": [{"knowledge": 100.0, "author": "Marc Riera"}]}, {"type": "ext", "name": "html", "bus_factor": [{"knowledge": 100.0, "author": "Josep Jaume Rey Peroy"}]}, {"type": "ext", "name": "bin/rake", "bus_factor": [{"knowledge": 100.0, "author": "Josep Jaume Rey Peroy"}]}, {"type": "ext", "name": "erb", "bus_factor": [{"knowledge": 51.12, "author": "Oriol Gual"}]}, {"type": "ext", "name": "ruby-version", "bus_factor": [{"knowledge": 100.0, "author": "David Morcillo"}]}, {"type": "ext", "name": "dockerfile", "bus_factor": [{"knowledge": 100.0, "author": "Josep Jaume Rey Peroy"}]}, {"type": "ext", "name": "yml", "bus_factor": [{"knowledge": 44.61, "author": "Josep Jaume Rey Peroy"}, {"knowledge": 16.83, "author": "Oriol Gual"}]}, {"type": "ext", "name": "css", "bus_factor": [{"knowledge": 100.0, "author": "Josep Jaume Rey Peroy"}]}]}
