{"files": [{"dirs": [], "name": ".gitignore", "type": "file", "ext": "gitignore", "ref": "origin/master", "bus_factor": [{"knowledge": 50.0, "author": "Marc Riera"}, {"knowledge": 33.33, "author": "Aitor Porro"}]}, {"dirs": [], "name": "Dockerfile", "type": "file", "ext": "Dockerfile", "ref": "origin/master", "bus_factor": [{"knowledge": 100.0, "author": "Josep Jaume Rey Peroy"}]}, {"dirs": [], "name": "Gemfile.lock", "type": "file", "ext": "lock", "ref": "origin/master", "bus_factor": [{"knowledge": 34.15, "author": "Josep Jaume Rey Peroy"}, {"knowledge": 19.4, "author": "David Morcillo"}, {"knowledge": 16.72, "author": "Marc Riera"}, {"knowledge": 16.14, "author": "Oriol Gual"}]}, {"dirs": [], "name": "README.md", "type": "file", "ext": "md", "ref": "origin/master", "bus_factor": [{"knowledge": 66.67, "author": "Gen\u00eds Matutes"}]}, {"dirs": [], "name": "Rakefile", "type": "file", "ext": "Rakefile", "ref": "origin/master", "bus_factor": [{"knowledge": 100.0, "author": "Josep Jaume Rey Peroy"}]}, {"dirs": [], "name": "app.json", "type": "file", "ext": "json", "ref": "origin/master", "bus_factor": [{"knowledge": 66.67, "author": "Marc Riera"}]}, {"dirs": ["app/assets/config/", "app/assets/", "app/"], "name": "manifest.js", "type": "file", "ext": "js", "ref": "origin/master", "bus_factor": [{"knowledge": 100.0, "author": "Josep Jaume Rey Peroy"}]}, {"dirs": ["app/assets/images/", "app/assets/", "app/"], "name": ".keep", "type": "file", "ext": "keep", "ref": "origin/master", "bus_factor": [{"knowledge": 100.0, "author": "Josep Jaume Rey Peroy"}]}, {"dirs": ["app/assets/javascripts/", "app/assets/", "app/"], "name": "application.js", "type": "file", "ext": "js", "ref": "origin/master", "bus_factor": [{"knowledge": 100.0, "author": "Josep Jaume Rey Peroy"}]}, {"dirs": ["app/assets/javascripts/", "app/assets/", "app/"], "name": "cable.js", "type": "file", "ext": "js", "ref": "origin/master", "bus_factor": [{"knowledge": 100.0, "author": "Josep Jaume Rey Peroy"}]}, {"dirs": ["app/assets/javascripts/channels/", "app/assets/javascripts/", "app/assets/", "app/"], "name": ".keep", "type": "file", "ext": "keep", "ref": "origin/master", "bus_factor": [{"knowledge": 100.0, "author": "Josep Jaume Rey Peroy"}]}, {"dirs": ["app/assets/stylesheets/", "app/assets/", "app/"], "name": "application.css", "type": "file", "ext": "css", "ref": "origin/master", "bus_factor": [{"knowledge": 100.0, "author": "Josep Jaume Rey Peroy"}]}, {"dirs": ["app/assets/stylesheets/", "app/assets/", "app/"], "name": "decidim.scss", "type": "file", "ext": "scss", "ref": "origin/master", "bus_factor": [{"knowledge": 66.67, "author": "Gen\u00eds Matutes"}]}, {"dirs": ["app/channels/application_cable/", "app/channels/", "app/"], "name": "channel.rb", "type": "file", "ext": "rb", "ref": "origin/master", "bus_factor": [{"knowledge": 100.0, "author": "Josep Jaume Rey Peroy"}]}, {"dirs": ["app/channels/application_cable/", "app/channels/", "app/"], "name": "connection.rb", "type": "file", "ext": "rb", "ref": "origin/master", "bus_factor": [{"knowledge": 100.0, "author": "Josep Jaume Rey Peroy"}]}, {"dirs": ["app/controllers/", "app/"], "name": "application_controller.rb", "type": "file", "ext": "rb", "ref": "origin/master", "bus_factor": [{"knowledge": 100.0, "author": "Josep Jaume Rey Peroy"}]}, {"dirs": ["app/controllers/concerns/", "app/controllers/", "app/"], "name": ".keep", "type": "file", "ext": "keep", "ref": "origin/master", "bus_factor": [{"knowledge": 100.0, "author": "Josep Jaume Rey Peroy"}]}, {"dirs": ["app/helpers/", "app/"], "name": "application_helper.rb", "type": "file", "ext": "rb", "ref": "origin/master", "bus_factor": [{"knowledge": 100.0, "author": "Josep Jaume Rey Peroy"}]}, {"dirs": ["app/jobs/", "app/"], "name": "application_job.rb", "type": "file", "ext": "rb", "ref": "origin/master", "bus_factor": [{"knowledge": 100.0, "author": "Josep Jaume Rey Peroy"}]}, {"dirs": ["app/mailers/", "app/"], "name": "application_mailer.rb", "type": "file", "ext": "rb", "ref": "origin/master", "bus_factor": [{"knowledge": 100.0, "author": "Josep Jaume Rey Peroy"}]}, {"dirs": ["app/models/", "app/"], "name": "application_record.rb", "type": "file", "ext": "rb", "ref": "origin/master", "bus_factor": [{"knowledge": 100.0, "author": "Josep Jaume Rey Peroy"}]}, {"dirs": ["app/models/concerns/", "app/models/", "app/"], "name": ".keep", "type": "file", "ext": "keep", "ref": "origin/master", "bus_factor": [{"knowledge": 100.0, "author": "Josep Jaume Rey Peroy"}]}, {"dirs": ["app/views/layouts/", "app/views/", "app/"], "name": "mailer.html.erb", "type": "file", "ext": "erb", "ref": "origin/master", "bus_factor": [{"knowledge": 100.0, "author": "Josep Jaume Rey Peroy"}]}, {"dirs": ["bin/"], "name": "bundle", "type": "file", "ext": "bin/bundle", "ref": "origin/master", "bus_factor": [{"knowledge": 100.0, "author": "Josep Jaume Rey Peroy"}]}, {"dirs": ["bin/"], "name": "rails", "type": "file", "ext": "bin/rails", "ref": "origin/master", "bus_factor": [{"knowledge": 100.0, "author": "Josep Jaume Rey Peroy"}]}, {"dirs": ["bin/"], "name": "rake", "type": "file", "ext": "bin/rake", "ref": "origin/master", "bus_factor": [{"knowledge": 100.0, "author": "Josep Jaume Rey Peroy"}]}, {"dirs": ["bin/"], "name": "setup", "type": "file", "ext": "bin/setup", "ref": "origin/master", "bus_factor": [{"knowledge": 100.0, "author": "Josep Jaume Rey Peroy"}]}, {"dirs": ["bin/"], "name": "spring", "type": "file", "ext": "bin/spring", "ref": "origin/master", "bus_factor": [{"knowledge": 100.0, "author": "Josep Jaume Rey Peroy"}]}, {"dirs": ["bin/"], "name": "update", "type": "file", "ext": "bin/update", "ref": "origin/master", "bus_factor": [{"knowledge": 100.0, "author": "Josep Jaume Rey Peroy"}]}, {"dirs": [], "name": "config.ru", "type": "file", "ext": "ru", "ref": "origin/master", "bus_factor": [{"knowledge": 100.0, "author": "Josep Jaume Rey Peroy"}]}, {"dirs": ["config/"], "name": "application.rb", "type": "file", "ext": "rb", "ref": "origin/master", "bus_factor": [{"knowledge": 50.0, "author": "Marc Riera"}, {"knowledge": 33.33, "author": "Aitor Porro"}]}, {"dirs": ["config/"], "name": "boot.rb", "type": "file", "ext": "rb", "ref": "origin/master", "bus_factor": [{"knowledge": 100.0, "author": "Josep Jaume Rey Peroy"}]}, {"dirs": ["config/"], "name": "cable.yml", "type": "file", "ext": "yml", "ref": "origin/master", "bus_factor": [{"knowledge": 100.0, "author": "Josep Jaume Rey Peroy"}]}, {"dirs": ["config/"], "name": "database.yml", "type": "file", "ext": "yml", "ref": "origin/master", "bus_factor": [{"knowledge": 100.0, "author": "Josep Jaume Rey Peroy"}]}, {"dirs": ["config/"], "name": "environment.rb", "type": "file", "ext": "rb", "ref": "origin/master", "bus_factor": [{"knowledge": 100.0, "author": "Josep Jaume Rey Peroy"}]}, {"dirs": ["config/environments/", "config/"], "name": "development.rb", "type": "file", "ext": "rb", "ref": "origin/master", "bus_factor": [{"knowledge": 100.0, "author": "Josep Jaume Rey Peroy"}]}, {"dirs": ["config/environments/", "config/"], "name": "test.rb", "type": "file", "ext": "rb", "ref": "origin/master", "bus_factor": [{"knowledge": 100.0, "author": "Josep Jaume Rey Peroy"}]}, {"dirs": ["config/initializers/", "config/"], "name": "application_controller_renderer.rb", "type": "file", "ext": "rb", "ref": "origin/master", "bus_factor": [{"knowledge": 100.0, "author": "Josep Jaume Rey Peroy"}]}, {"dirs": ["config/initializers/", "config/"], "name": "assets.rb", "type": "file", "ext": "rb", "ref": "origin/master", "bus_factor": [{"knowledge": 100.0, "author": "Josep Jaume Rey Peroy"}]}, {"dirs": ["config/initializers/", "config/"], "name": "backtrace_silencers.rb", "type": "file", "ext": "rb", "ref": "origin/master", "bus_factor": [{"knowledge": 100.0, "author": "Josep Jaume Rey Peroy"}]}, {"dirs": ["config/initializers/", "config/"], "name": "carrierwave.rb", "type": "file", "ext": "rb", "ref": "origin/master", "bus_factor": [{"knowledge": 100.0, "author": "Josep Jaume Rey Peroy"}]}, {"dirs": ["config/initializers/", "config/"], "name": "cookies_serializer.rb", "type": "file", "ext": "rb", "ref": "origin/master", "bus_factor": [{"knowledge": 100.0, "author": "Josep Jaume Rey Peroy"}]}, {"dirs": ["config/initializers/", "config/"], "name": "decidim.rb", "type": "file", "ext": "rb", "ref": "origin/master", "bus_factor": [{"knowledge": 35.71, "author": "Marc Riera"}, {"knowledge": 21.43, "author": "David Morcillo"}, {"knowledge": 17.86, "author": "Josep Jaume Rey Peroy"}, {"knowledge": 17.86, "author": "Gen\u00eds Matutes"}]}, {"dirs": ["config/initializers/", "config/"], "name": "filter_parameter_logging.rb", "type": "file", "ext": "rb", "ref": "origin/master", "bus_factor": [{"knowledge": 100.0, "author": "Josep Jaume Rey Peroy"}]}, {"dirs": ["config/initializers/", "config/"], "name": "inflections.rb", "type": "file", "ext": "rb", "ref": "origin/master", "bus_factor": [{"knowledge": 100.0, "author": "Josep Jaume Rey Peroy"}]}, {"dirs": ["config/initializers/", "config/"], "name": "mime_types.rb", "type": "file", "ext": "rb", "ref": "origin/master", "bus_factor": [{"knowledge": 100.0, "author": "Josep Jaume Rey Peroy"}]}, {"dirs": ["config/initializers/", "config/"], "name": "new_framework_defaults.rb", "type": "file", "ext": "rb", "ref": "origin/master", "bus_factor": [{"knowledge": 100.0, "author": "Josep Jaume Rey Peroy"}]}, {"dirs": ["config/initializers/", "config/"], "name": "session_store.rb", "type": "file", "ext": "rb", "ref": "origin/master", "bus_factor": [{"knowledge": 100.0, "author": "Josep Jaume Rey Peroy"}]}, {"dirs": ["config/initializers/", "config/"], "name": "wrap_parameters.rb", "type": "file", "ext": "rb", "ref": "origin/master", "bus_factor": [{"knowledge": 100.0, "author": "Josep Jaume Rey Peroy"}]}, {"dirs": ["config/"], "name": "routes.rb", "type": "file", "ext": "rb", "ref": "origin/master", "bus_factor": [{"knowledge": 100.0, "author": "Josep Jaume Rey Peroy"}]}, {"dirs": ["config/"], "name": "secrets.yml", "type": "file", "ext": "yml", "ref": "origin/master", "bus_factor": [{"knowledge": 40.0, "author": "Josep Jaume Rey Peroy"}, {"knowledge": 40.0, "author": "Gen\u00eds Matutes"}, {"knowledge": 20.0, "author": "David Morcillo"}]}, {"dirs": ["config/"], "name": "spring.rb", "type": "file", "ext": "rb", "ref": "origin/master", "bus_factor": [{"knowledge": 100.0, "author": "Josep Jaume Rey Peroy"}]}, {"dirs": ["db/migrate/", "db/"], "name": "20161209103936_devise_create_decidim_users.decidim.rb", "type": "file", "ext": "rb", "ref": "origin/master", "bus_factor": [{"knowledge": 100.0, "author": "Josep Jaume Rey Peroy"}]}, {"dirs": ["db/migrate/", "db/"], "name": "20161209103937_create_decidim_organizations.decidim.rb", "type": "file", "ext": "rb", "ref": "origin/master", "bus_factor": [{"knowledge": 100.0, "author": "Josep Jaume Rey Peroy"}]}, {"dirs": ["db/migrate/", "db/"], "name": "20161209103938_devise_invitable_add_to_decidim_users.decidim.rb", "type": "file", "ext": "rb", "ref": "origin/master", "bus_factor": [{"knowledge": 100.0, "author": "Josep Jaume Rey Peroy"}]}, {"dirs": ["db/migrate/", "db/"], "name": "20161209103939_user_belongs_to_organization.decidim.rb", "type": "file", "ext": "rb", "ref": "origin/master", "bus_factor": [{"knowledge": 100.0, "author": "Josep Jaume Rey Peroy"}]}, {"dirs": ["db/migrate/", "db/"], "name": "20161209103940_user_has_roles.decidim.rb", "type": "file", "ext": "rb", "ref": "origin/master", "bus_factor": [{"knowledge": 100.0, "author": "Josep Jaume Rey Peroy"}]}, {"dirs": ["db/migrate/", "db/"], "name": "20161209103941_add_participatory_processes.decidim.rb", "type": "file", "ext": "rb", "ref": "origin/master", "bus_factor": [{"knowledge": 100.0, "author": "Josep Jaume Rey Peroy"}]}, {"dirs": ["db/migrate/", "db/"], "name": "20161209103942_add_description_to_organizations.decidim.rb", "type": "file", "ext": "rb", "ref": "origin/master", "bus_factor": [{"knowledge": 100.0, "author": "Josep Jaume Rey Peroy"}]}, {"dirs": ["db/migrate/", "db/"], "name": "20161209103943_add_confirmable_to_devise.decidim.rb", "type": "file", "ext": "rb", "ref": "origin/master", "bus_factor": [{"knowledge": 100.0, "author": "Josep Jaume Rey Peroy"}]}, {"dirs": ["db/migrate/", "db/"], "name": "20161209103944_add_name_to_users.decidim.rb", "type": "file", "ext": "rb", "ref": "origin/master", "bus_factor": [{"knowledge": 100.0, "author": "Josep Jaume Rey Peroy"}]}, {"dirs": ["db/migrate/", "db/"], "name": "20161209103945_translate_processes.decidim.rb", "type": "file", "ext": "rb", "ref": "origin/master", "bus_factor": [{"knowledge": 100.0, "author": "Josep Jaume Rey Peroy"}]}, {"dirs": ["db/migrate/", "db/"], "name": "20161209103946_add_locale_to_users.decidim.rb", "type": "file", "ext": "rb", "ref": "origin/master", "bus_factor": [{"knowledge": 100.0, "author": "Josep Jaume Rey Peroy"}]}, {"dirs": ["db/migrate/", "db/"], "name": "20161209103947_add_hero_image_to_processes.decidim.rb", "type": "file", "ext": "rb", "ref": "origin/master", "bus_factor": [{"knowledge": 100.0, "author": "Josep Jaume Rey Peroy"}]}, {"dirs": ["db/migrate/", "db/"], "name": "20161209103948_add_banner_image_to_processes.decidim.rb", "type": "file", "ext": "rb", "ref": "origin/master", "bus_factor": [{"knowledge": 100.0, "author": "Josep Jaume Rey Peroy"}]}, {"dirs": ["db/migrate/", "db/"], "name": "20161209103949_add_promoted_flag_to_processes.decidim.rb", "type": "file", "ext": "rb", "ref": "origin/master", "bus_factor": [{"knowledge": 100.0, "author": "Josep Jaume Rey Peroy"}]}, {"dirs": ["db/migrate/", "db/"], "name": "20161209103950_add_participatory_process_steps.decidim.rb", "type": "file", "ext": "rb", "ref": "origin/master", "bus_factor": [{"knowledge": 100.0, "author": "Josep Jaume Rey Peroy"}]}, {"dirs": ["db/migrate/", "db/"], "name": "20161209103951_create_decidim_authorizations.decidim.rb", "type": "file", "ext": "rb", "ref": "origin/master", "bus_factor": [{"knowledge": 100.0, "author": "Josep Jaume Rey Peroy"}]}, {"dirs": ["db/migrate/", "db/"], "name": "20161209103952_add_active_flag_to_step.decidim.rb", "type": "file", "ext": "rb", "ref": "origin/master", "bus_factor": [{"knowledge": 100.0, "author": "Josep Jaume Rey Peroy"}]}, {"dirs": ["db/migrate/", "db/"], "name": "20161209103953_add_position_to_steps.decidim.rb", "type": "file", "ext": "rb", "ref": "origin/master", "bus_factor": [{"knowledge": 100.0, "author": "Josep Jaume Rey Peroy"}]}, {"dirs": ["db/migrate/", "db/"], "name": "20161209103954_add_published_at_to_processes.decidim.rb", "type": "file", "ext": "rb", "ref": "origin/master", "bus_factor": [{"knowledge": 100.0, "author": "Josep Jaume Rey Peroy"}]}, {"dirs": ["db/migrate/", "db/"], "name": "20161209103955_remove_not_null_on_step_position.decidim.rb", "type": "file", "ext": "rb", "ref": "origin/master", "bus_factor": [{"knowledge": 100.0, "author": "Josep Jaume Rey Peroy"}]}, {"dirs": ["db/migrate/", "db/"], "name": "20161209103956_create_decidim_static_pages.decidim.rb", "type": "file", "ext": "rb", "ref": "origin/master", "bus_factor": [{"knowledge": 100.0, "author": "Josep Jaume Rey Peroy"}]}, {"dirs": ["db/migrate/", "db/"], "name": "20161209103957_add_index_for_process_slug_organization.decidim.rb", "type": "file", "ext": "rb", "ref": "origin/master", "bus_factor": [{"knowledge": 100.0, "author": "Josep Jaume Rey Peroy"}]}, {"dirs": ["db/migrate/", "db/"], "name": "20161209103958_create_decidim_features.decidim.rb", "type": "file", "ext": "rb", "ref": "origin/master", "bus_factor": [{"knowledge": 100.0, "author": "Josep Jaume Rey Peroy"}]}, {"dirs": ["db/migrate/", "db/"], "name": "20161209103959_create_attachments.decidim.rb", "type": "file", "ext": "rb", "ref": "origin/master", "bus_factor": [{"knowledge": 100.0, "author": "Josep Jaume Rey Peroy"}]}, {"dirs": ["db/migrate/", "db/"], "name": "20161209103960_add_categories.decidim.rb", "type": "file", "ext": "rb", "ref": "origin/master", "bus_factor": [{"knowledge": 100.0, "author": "Josep Jaume Rey Peroy"}]}, {"dirs": ["db/migrate/", "db/"], "name": "20161209103961_create_decidim_scopes.decidim.rb", "type": "file", "ext": "rb", "ref": "origin/master", "bus_factor": [{"knowledge": 100.0, "author": "Josep Jaume Rey Peroy"}]}, {"dirs": ["db/migrate/", "db/"], "name": "20161209103962_devise_create_decidim_admins.decidim_system.rb", "type": "file", "ext": "rb", "ref": "origin/master", "bus_factor": [{"knowledge": 100.0, "author": "Josep Jaume Rey Peroy"}]}, {"dirs": ["db/migrate/", "db/"], "name": "20161209103963_add_admin_participatory_process_user_roles.decidim_admin.rb", "type": "file", "ext": "rb", "ref": "origin/master", "bus_factor": [{"knowledge": 100.0, "author": "Josep Jaume Rey Peroy"}]}, {"dirs": ["db/migrate/", "db/"], "name": "20161209103964_create_decidim_pages.decidim_pages.rb", "type": "file", "ext": "rb", "ref": "origin/master", "bus_factor": [{"knowledge": 100.0, "author": "Josep Jaume Rey Peroy"}]}, {"dirs": ["db/"], "name": "seeds.rb", "type": "file", "ext": "rb", "ref": "origin/master", "bus_factor": [{"knowledge": 60.0, "author": "Marc Riera"}, {"knowledge": 30.0, "author": "Aitor Porro"}]}, {"dirs": [], "name": "docker-compose.yml", "type": "file", "ext": "yml", "ref": "origin/master", "bus_factor": [{"knowledge": 100.0, "author": "Josep Jaume Rey Peroy"}]}, {"dirs": ["lib/assets/", "lib/"], "name": ".keep", "type": "file", "ext": "keep", "ref": "origin/master", "bus_factor": [{"knowledge": 100.0, "author": "Josep Jaume Rey Peroy"}]}, {"dirs": ["lib/tasks/", "lib/"], "name": ".keep", "type": "file", "ext": "keep", "ref": "origin/master", "bus_factor": [{"knowledge": 100.0, "author": "Josep Jaume Rey Peroy"}]}, {"dirs": ["log/"], "name": ".keep", "type": "file", "ext": "keep", "ref": "origin/master", "bus_factor": [{"knowledge": 100.0, "author": "Josep Jaume Rey Peroy"}]}, {"dirs": ["public/"], "name": "422.html", "type": "file", "ext": "html", "ref": "origin/master", "bus_factor": [{"knowledge": 100.0, "author": "Josep Jaume Rey Peroy"}]}, {"dirs": ["public/"], "name": "apple-touch-icon-precomposed.png", "type": "file", "ext": "png", "ref": "origin/master", "bus_factor": [{"knowledge": 100.0, "author": "Josep Jaume Rey Peroy"}]}, {"dirs": ["public/"], "name": "apple-touch-icon.png", "type": "file", "ext": "png", "ref": "origin/master", "bus_factor": [{"knowledge": 100.0, "author": "Josep Jaume Rey Peroy"}]}, {"dirs": ["public/"], "name": "favicon.ico", "type": "file", "ext": "ico", "ref": "origin/master", "bus_factor": [{"knowledge": 100.0, "author": "Josep Jaume Rey Peroy"}]}, {"dirs": ["public/"], "name": "robots.txt", "type": "file", "ext": "txt", "ref": "origin/master", "bus_factor": [{"knowledge": 100.0, "author": "Josep Jaume Rey Peroy"}]}, {"dirs": ["test/controllers/", "test/"], "name": ".keep", "type": "file", "ext": "keep", "ref": "origin/master", "bus_factor": [{"knowledge": 100.0, "author": "Josep Jaume Rey Peroy"}]}, {"dirs": ["test/fixtures/", "test/"], "name": ".keep", "type": "file", "ext": "keep", "ref": "origin/master", "bus_factor": [{"knowledge": 100.0, "author": "Josep Jaume Rey Peroy"}]}, {"dirs": ["test/fixtures/files/", "test/fixtures/", "test/"], "name": ".keep", "type": "file", "ext": "keep", "ref": "origin/master", "bus_factor": [{"knowledge": 100.0, "author": "Josep Jaume Rey Peroy"}]}, {"dirs": ["test/helpers/", "test/"], "name": ".keep", "type": "file", "ext": "keep", "ref": "origin/master", "bus_factor": [{"knowledge": 100.0, "author": "Josep Jaume Rey Peroy"}]}, {"dirs": ["test/integration/", "test/"], "name": ".keep", "type": "file", "ext": "keep", "ref": "origin/master", "bus_factor": [{"knowledge": 100.0, "author": "Josep Jaume Rey Peroy"}]}, {"dirs": ["test/mailers/", "test/"], "name": ".keep", "type": "file", "ext": "keep", "ref": "origin/master", "bus_factor": [{"knowledge": 100.0, "author": "Josep Jaume Rey Peroy"}]}, {"dirs": ["test/models/", "test/"], "name": ".keep", "type": "file", "ext": "keep", "ref": "origin/master", "bus_factor": [{"knowledge": 100.0, "author": "Josep Jaume Rey Peroy"}]}, {"dirs": ["test/"], "name": "test_helper.rb", "type": "file", "ext": "rb", "ref": "origin/master", "bus_factor": [{"knowledge": 100.0, "author": "Josep Jaume Rey Peroy"}]}, {"dirs": ["tmp/"], "name": ".keep", "type": "file", "ext": "keep", "ref": "origin/master", "bus_factor": [{"knowledge": 100.0, "author": "Josep Jaume Rey Peroy"}]}, {"dirs": ["vendor/assets/javascripts/", "vendor/assets/", "vendor/"], "name": ".keep", "type": "file", "ext": "keep", "ref": "origin/master", "bus_factor": [{"knowledge": 100.0, "author": "Josep Jaume Rey Peroy"}]}, {"dirs": ["vendor/assets/stylesheets/", "vendor/assets/", "vendor/"], "name": ".keep", "type": "file", "ext": "keep", "ref": "origin/master", "bus_factor": [{"knowledge": 100.0, "author": "Josep Jaume Rey Peroy"}]}, {"dirs": ["db/"], "name": "schema.rb", "type": "file", "ext": "rb", "ref": "origin/master", "bus_factor": [{"knowledge": 30.15, "author": "David Morcillo"}, {"knowledge": 23.69, "author": "Josep Jaume Rey Peroy"}, {"knowledge": 23.08, "author": "Oriol Gual"}]}, {"dirs": ["db/migrate/", "db/"], "name": "20161212095032_make_organization_description_optional.decidim.rb", "type": "file", "ext": "rb", "ref": "origin/master", "bus_factor": [{"knowledge": 100.0, "author": "Josep Jaume Rey Peroy"}]}, {"dirs": ["db/migrate/", "db/"], "name": "20161214135133_add_avatar_to_users.decidim.rb", "type": "file", "ext": "rb", "ref": "origin/master", "bus_factor": [{"knowledge": 100.0, "author": "Josep Jaume Rey Peroy"}]}, {"dirs": ["db/migrate/", "db/"], "name": "20161214135134_create_comments.decidim_comments.rb", "type": "file", "ext": "rb", "ref": "origin/master", "bus_factor": [{"knowledge": 100.0, "author": "Josep Jaume Rey Peroy"}]}, {"dirs": ["db/migrate/", "db/"], "name": "20161215084344_add_logo_to_organizations.decidim.rb", "type": "file", "ext": "rb", "ref": "origin/master", "bus_factor": [{"knowledge": 100.0, "author": "Josep Jaume Rey Peroy"}]}, {"dirs": ["db/migrate/", "db/"], "name": "20161215084345_add_depth_to_comments.decidim_comments.rb", "type": "file", "ext": "rb", "ref": "origin/master", "bus_factor": [{"knowledge": 100.0, "author": "Josep Jaume Rey Peroy"}]}, {"dirs": ["db/migrate/", "db/"], "name": "20161215150119_add_commentable_to_pages.decidim_pages.rb", "type": "file", "ext": "rb", "ref": "origin/master", "bus_factor": [{"knowledge": 100.0, "author": "Josep Jaume Rey Peroy"}]}, {"dirs": ["db/migrate/", "db/"], "name": "20161216145932_create_meetings.decidim_meetings.rb", "type": "file", "ext": "rb", "ref": "origin/master", "bus_factor": [{"knowledge": 100.0, "author": "Josep Jaume Rey Peroy"}]}, {"dirs": ["db/migrate/", "db/"], "name": "20161219125448_add_alignment_to_comments.decidim_comments.rb", "type": "file", "ext": "rb", "ref": "origin/master", "bus_factor": [{"knowledge": 100.0, "author": "Josep Jaume Rey Peroy"}]}, {"dirs": ["db/migrate/", "db/"], "name": "20161219170139_create_decidim_proposals.decidim_proposals.rb", "type": "file", "ext": "rb", "ref": "origin/master", "bus_factor": [{"knowledge": 100.0, "author": "Josep Jaume Rey Peroy"}]}, {"dirs": ["db/migrate/", "db/"], "name": "20161225192017_create_comment_votes.decidim_comments.rb", "type": "file", "ext": "rb", "ref": "origin/master", "bus_factor": [{"knowledge": 100.0, "author": "Josep Jaume Rey Peroy"}]}, {"dirs": ["db/migrate/", "db/"], "name": "20161225194522_comments_column_change.rb", "type": "file", "ext": "rb", "ref": "origin/master", "bus_factor": [{"knowledge": 100.0, "author": "Josep Jaume Rey Peroy"}]}, {"dirs": ["db/migrate/", "db/"], "name": "20161225195311_fix_author.rb", "type": "file", "ext": "rb", "ref": "origin/master", "bus_factor": [{"knowledge": 100.0, "author": "Josep Jaume Rey Peroy"}]}, {"dirs": [".github/"], "name": "ISSUE_TEMPLATE.md", "type": "file", "ext": "md", "ref": "origin/master", "bus_factor": [{"knowledge": 100.0, "author": "Oriol Gual"}]}, {"dirs": [".github/"], "name": "PULL_REQUEST_TEMPLATE.md", "type": "file", "ext": "md", "ref": "origin/master", "bus_factor": [{"knowledge": 100.0, "author": "Oriol Gual"}]}, {"dirs": ["db/migrate/", "db/"], "name": "20170109150730_add_missing_columns_to_meetings.rb", "type": "file", "ext": "rb", "ref": "origin/master", "bus_factor": [{"knowledge": 100.0, "author": "Josep Jaume Rey Peroy"}]}, {"dirs": [], "name": "LICENSE-AGPLv3.txt", "type": "file", "ext": "txt", "ref": "origin/master", "bus_factor": [{"knowledge": 100.0, "author": "Marc Riera"}]}, {"dirs": [], "name": ".travis.yml", "type": "file", "ext": "yml", "ref": "origin/master", "bus_factor": [{"knowledge": 50.0, "author": "Oriol Gual"}, {"knowledge": 33.33, "author": "David Morcillo"}]}, {"dirs": ["config/locales/", "config/"], "name": "ca.yml", "type": "file", "ext": "yml", "ref": "origin/master", "bus_factor": [{"knowledge": 33.33, "author": "Oriol Gual"}, {"knowledge": 26.67, "author": "Marc Riera"}, {"knowledge": 26.67, "author": "Gen\u00eds Matutes"}]}, {"dirs": ["db/migrate/", "db/"], "name": "20170112115133_add_handler_to_organization.decidim.rb", "type": "file", "ext": "rb", "ref": "origin/master", "bus_factor": [{"knowledge": 100.0, "author": "Marc Riera"}]}, {"dirs": ["db/migrate/", "db/"], "name": "20170113101001_add_survey_results.decidim_hospitalet_surveys.rb", "type": "file", "ext": "rb", "ref": "origin/master", "bus_factor": [{"knowledge": 100.0, "author": "Marc Riera"}]}, {"dirs": [], "name": ".hound.yml", "type": "file", "ext": "yml", "ref": "origin/master", "bus_factor": [{"knowledge": 100.0, "author": "Marc Riera"}]}, {"dirs": [], "name": ".rubocop.yml", "type": "file", "ext": "yml", "ref": "origin/master", "bus_factor": [{"knowledge": 66.67, "author": "Josep Jaume Rey Peroy"}]}, {"dirs": [], "name": ".ruby-version", "type": "file", "ext": "ruby-version", "ref": "origin/master", "bus_factor": [{"knowledge": 66.67, "author": "David Morcillo"}]}, {"dirs": ["db/migrate/", "db/"], "name": "20170115191627_add_text_search_indexes.decidim_proposals.rb", "type": "file", "ext": "rb", "ref": "origin/master", "bus_factor": [{"knowledge": 100.0, "author": "Josep Jaume Rey Peroy"}]}, {"dirs": ["db/migrate/", "db/"], "name": "20170118153837_add_configuration_to_features.decidim.rb", "type": "file", "ext": "rb", "ref": "origin/master", "bus_factor": [{"knowledge": 100.0, "author": "Josep Jaume Rey Peroy"}]}, {"dirs": ["db/migrate/", "db/"], "name": "20170118153838_loosen_step_requirements.decidim.rb", "type": "file", "ext": "rb", "ref": "origin/master", "bus_factor": [{"knowledge": 100.0, "author": "Josep Jaume Rey Peroy"}]}, {"dirs": ["db/migrate/", "db/"], "name": "20170118153839_add_uniqueness_field_to_authorizations.decidim.rb", "type": "file", "ext": "rb", "ref": "origin/master", "bus_factor": [{"knowledge": 100.0, "author": "Josep Jaume Rey Peroy"}]}, {"dirs": ["db/migrate/", "db/"], "name": "20170118153840_remove_commentable_flag_from_pages.decidim_pages.rb", "type": "file", "ext": "rb", "ref": "origin/master", "bus_factor": [{"knowledge": 100.0, "author": "Josep Jaume Rey Peroy"}]}, {"dirs": ["db/migrate/", "db/"], "name": "20170118163329_create_proposal_votes.decidim_proposals.rb", "type": "file", "ext": "rb", "ref": "origin/master", "bus_factor": [{"knowledge": 100.0, "author": "Josep Jaume Rey Peroy"}]}, {"dirs": ["db/migrate/", "db/"], "name": "20170118163330_add_counter_cache_votes_to_proposals.decidim_proposals.rb", "type": "file", "ext": "rb", "ref": "origin/master", "bus_factor": [{"knowledge": 100.0, "author": "Josep Jaume Rey Peroy"}]}, {"dirs": ["db/migrate/", "db/"], "name": "20170120105700_create_identities.decidim.rb", "type": "file", "ext": "rb", "ref": "origin/master", "bus_factor": [{"knowledge": 100.0, "author": "Josep Jaume Rey Peroy"}]}, {"dirs": ["db/migrate/", "db/"], "name": "20170120124308_add_show_statistics_to_organization.decidim.rb", "type": "file", "ext": "rb", "ref": "origin/master", "bus_factor": [{"knowledge": 100.0, "author": "Josep Jaume Rey Peroy"}]}, {"dirs": ["db/migrate/", "db/"], "name": "20170123132037_create_resource_links.decidim.rb", "type": "file", "ext": "rb", "ref": "origin/master", "bus_factor": [{"knowledge": 100.0, "author": "Josep Jaume Rey Peroy"}]}, {"dirs": ["db/migrate/", "db/"], "name": "20170123132038_create_user_groups.decidim.rb", "type": "file", "ext": "rb", "ref": "origin/master", "bus_factor": [{"knowledge": 100.0, "author": "Josep Jaume Rey Peroy"}]}, {"dirs": ["db/migrate/", "db/"], "name": "20170123132039_create_user_group_memberships.decidim.rb", "type": "file", "ext": "rb", "ref": "origin/master", "bus_factor": [{"knowledge": 100.0, "author": "Josep Jaume Rey Peroy"}]}, {"dirs": ["db/migrate/", "db/"], "name": "20170123132040_add_user_groups_verified.decidim.rb", "type": "file", "ext": "rb", "ref": "origin/master", "bus_factor": [{"knowledge": 100.0, "author": "Josep Jaume Rey Peroy"}]}, {"dirs": ["db/migrate/", "db/"], "name": "20170123132041_close_a_meeting.decidim_meetings.rb", "type": "file", "ext": "rb", "ref": "origin/master", "bus_factor": [{"knowledge": 100.0, "author": "Josep Jaume Rey Peroy"}]}, {"dirs": [], "name": ".codeclimate.yml", "type": "file", "ext": "yml", "ref": "origin/master", "bus_factor": [{"knowledge": 100.0, "author": "Josep Jaume Rey Peroy"}]}, {"dirs": ["db/migrate/", "db/"], "name": "20170124171758_make_attachments_polymorphic.decidim.rb", "type": "file", "ext": "rb", "ref": "origin/master", "bus_factor": [{"knowledge": 100.0, "author": "Josep Jaume Rey Peroy"}]}, {"dirs": ["db/migrate/", "db/"], "name": "20170125163836_add_avatar_to_user_groups.decidim.rb", "type": "file", "ext": "rb", "ref": "origin/master", "bus_factor": [{"knowledge": 100.0, "author": "Josep Jaume Rey Peroy"}]}, {"dirs": ["db/migrate/", "db/"], "name": "20170125163837_rename_attachable_to_attached_to.decidim.rb", "type": "file", "ext": "rb", "ref": "origin/master", "bus_factor": [{"knowledge": 100.0, "author": "Josep Jaume Rey Peroy"}]}, {"dirs": ["db/migrate/", "db/"], "name": "20170125163838_add_user_group_id_to_comments.decidim_comments.rb", "type": "file", "ext": "rb", "ref": "origin/master", "bus_factor": [{"knowledge": 100.0, "author": "Josep Jaume Rey Peroy"}]}, {"dirs": ["db/migrate/", "db/"], "name": "20170125163839_add_user_group_id_to_proposals.decidim_proposals.rb", "type": "file", "ext": "rb", "ref": "origin/master", "bus_factor": [{"knowledge": 100.0, "author": "Josep Jaume Rey Peroy"}]}, {"dirs": ["db/migrate/", "db/"], "name": "20170126102853_add_weight_to_features.decidim.rb", "type": "file", "ext": "rb", "ref": "origin/master", "bus_factor": [{"knowledge": 100.0, "author": "Josep Jaume Rey Peroy"}]}, {"dirs": ["db/migrate/", "db/"], "name": "20170120094202_add_created_by_admin_to_survey_results.decidim_hospitalet_surveys.rb", "type": "file", "ext": "rb", "ref": "origin/master", "bus_factor": [{"knowledge": 100.0, "author": "Marc Riera"}]}, {"dirs": ["db/migrate/", "db/"], "name": "20170123100139_fix_surveys_indexs.decidim_hospitalet_surveys.rb", "type": "file", "ext": "rb", "ref": "origin/master", "bus_factor": [{"knowledge": 100.0, "author": "Marc Riera"}]}, {"dirs": ["db/migrate/", "db/"], "name": "20170127160048_create_results.decidim_results.rb", "type": "file", "ext": "rb", "ref": "origin/master", "bus_factor": [{"knowledge": 100.0, "author": "Josep Jaume Rey Peroy"}]}, {"dirs": ["app/views/decidim/devise/registrations/", "app/views/decidim/devise/", "app/views/decidim/", "app/views/", "app/"], "name": "new.html.erb", "type": "file", "ext": "erb", "ref": "origin/master", "bus_factor": [{"knowledge": 66.67, "author": "David Morcillo"}]}, {"dirs": ["db/migrate/", "db/"], "name": "20170127182304_add_extra_info_to_processes.decidim.rb", "type": "file", "ext": "rb", "ref": "origin/master", "bus_factor": [{"knowledge": 100.0, "author": "Josep Jaume Rey Peroy"}]}, {"dirs": ["db/migrate/", "db/"], "name": "20170130082003_add_latitude_and_longitude_to_meetings.decidim_meetings.rb", "type": "file", "ext": "rb", "ref": "origin/master", "bus_factor": [{"knowledge": 100.0, "author": "Marc Riera"}]}, {"dirs": [], "name": "Procfile", "type": "file", "ext": "Procfile", "ref": "origin/master", "bus_factor": [{"knowledge": 100.0, "author": "Josep Jaume Rey Peroy"}]}, {"dirs": ["config/"], "name": "sidekiq.yml", "type": "file", "ext": "yml", "ref": "origin/master", "bus_factor": [{"knowledge": 100.0, "author": "Josep Jaume Rey Peroy"}]}, {"dirs": ["app/views/pages/home/", "app/views/pages/", "app/views/", "app/"], "name": "_extended.html.erb", "type": "file", "ext": "erb", "ref": "origin/master", "bus_factor": [{"knowledge": 50.0, "author": "Oriol Gual"}, {"knowledge": 33.33, "author": "Josep Jaume Rey Peroy"}]}, {"dirs": ["config/locales/", "config/"], "name": "es.yml", "type": "file", "ext": "yml", "ref": "origin/master", "bus_factor": [{"knowledge": 40.0, "author": "Oriol Gual"}, {"knowledge": 30.0, "author": "Gen\u00eds Matutes"}, {"knowledge": 20.0, "author": "Marc Riera"}]}, {"dirs": ["db/migrate/", "db/"], "name": "20170130180916_add_timestamps_to_identities.decidim.rb", "type": "file", "ext": "rb", "ref": "origin/master", "bus_factor": [{"knowledge": 100.0, "author": "Josep Jaume Rey Peroy"}]}, {"dirs": ["db/migrate/", "db/"], "name": "20170130180917_add_favicon_to_decidim_organizations.decidim.rb", "type": "file", "ext": "rb", "ref": "origin/master", "bus_factor": [{"knowledge": 100.0, "author": "Josep Jaume Rey Peroy"}]}, {"dirs": ["db/migrate/", "db/"], "name": "20170130180918_change_user_groups_verified_to_timestamp.decidim_admin.rb", "type": "file", "ext": "rb", "ref": "origin/master", "bus_factor": [{"knowledge": 100.0, "author": "Josep Jaume Rey Peroy"}]}, {"dirs": ["db/migrate/", "db/"], "name": "20170130180919_remove_short_description_from_meetings.decidim_meetings.rb", "type": "file", "ext": "rb", "ref": "origin/master", "bus_factor": [{"knowledge": 100.0, "author": "Josep Jaume Rey Peroy"}]}, {"dirs": ["db/migrate/", "db/"], "name": "20170130180920_remove_short_description_from_results.decidim_results.rb", "type": "file", "ext": "rb", "ref": "origin/master", "bus_factor": [{"knowledge": 100.0, "author": "Josep Jaume Rey Peroy"}]}, {"dirs": ["db/migrate/", "db/"], "name": "20170131184904_add_answers_to_proposals.decidim_proposals.rb", "type": "file", "ext": "rb", "ref": "origin/master", "bus_factor": [{"knowledge": 100.0, "author": "Josep Jaume Rey Peroy"}]}, {"dirs": ["db/migrate/", "db/"], "name": "20170201130357_create_projects.decidim_budgets.rb", "type": "file", "ext": "rb", "ref": "origin/master", "bus_factor": [{"knowledge": 100.0, "author": "Marc Riera"}]}, {"dirs": ["db/migrate/", "db/"], "name": "20170201130358_create_orders.decidim_budgets.rb", "type": "file", "ext": "rb", "ref": "origin/master", "bus_factor": [{"knowledge": 100.0, "author": "Marc Riera"}]}, {"dirs": ["db/migrate/", "db/"], "name": "20170201130359_create_line_items.decidim_budgets.rb", "type": "file", "ext": "rb", "ref": "origin/master", "bus_factor": [{"knowledge": 100.0, "author": "Marc Riera"}]}, {"dirs": ["db/migrate/", "db/"], "name": "20170203145615_add_comments_and_replies_notifications_to_users.decidim.rb", "type": "file", "ext": "rb", "ref": "origin/master", "bus_factor": [{"knowledge": 100.0, "author": "Josep Jaume Rey Peroy"}]}, {"dirs": ["db/migrate/", "db/"], "name": "20170203210120_add_newsletter_notifications_to_users.decidim.rb", "type": "file", "ext": "rb", "ref": "origin/master", "bus_factor": [{"knowledge": 100.0, "author": "Josep Jaume Rey Peroy"}]}, {"dirs": ["db/migrate/", "db/"], "name": "20170206151616_rename_extra_info_on_processes.decidim.rb", "type": "file", "ext": "rb", "ref": "origin/master", "bus_factor": [{"knowledge": 100.0, "author": "Oriol Gual"}]}, {"dirs": ["db/migrate/", "db/"], "name": "20170206151617_add_index_to_decidim_proposals_proposals_proposal_votes_count.decidim_proposals.rb", "type": "file", "ext": "rb", "ref": "origin/master", "bus_factor": [{"knowledge": 100.0, "author": "Oriol Gual"}]}, {"dirs": ["config/initializers/", "config/"], "name": "social_share_button.rb", "type": "file", "ext": "rb", "ref": "origin/master", "bus_factor": [{"knowledge": 100.0, "author": "Oriol Gual"}]}, {"dirs": ["db/migrate/", "db/"], "name": "20170206202135_add_published_at_to_decidim_features.decidim.rb", "type": "file", "ext": "rb", "ref": "origin/master", "bus_factor": [{"knowledge": 100.0, "author": "Josep Jaume Rey Peroy"}]}, {"dirs": ["db/migrate/", "db/"], "name": "20170207102712_add_author_to_survey_results.decidim_hospitalet_surveys.rb", "type": "file", "ext": "rb", "ref": "origin/master", "bus_factor": [{"knowledge": 100.0, "author": "David Morcillo"}]}, {"dirs": ["db/migrate/", "db/"], "name": "20170207180705_remove_short_description_from_decidim_projects.decidim_budgets.rb", "type": "file", "ext": "rb", "ref": "origin/master", "bus_factor": [{"knowledge": 100.0, "author": "Oriol Gual"}]}, {"dirs": ["db/migrate/", "db/"], "name": "20170207200145_add_action_permissions_to_decidim_features.decidim.rb", "type": "file", "ext": "rb", "ref": "origin/master", "bus_factor": [{"knowledge": 100.0, "author": "Oriol Gual"}]}, {"dirs": ["db/migrate/", "db/"], "name": "20170207200146_add_social_media_handlers_to_organization.decidim.rb", "type": "file", "ext": "rb", "ref": "origin/master", "bus_factor": [{"knowledge": 100.0, "author": "Oriol Gual"}]}, {"dirs": ["db/migrate/", "db/"], "name": "20170207200147_add_organization_logo_and_url.decidim.rb", "type": "file", "ext": "rb", "ref": "origin/master", "bus_factor": [{"knowledge": 100.0, "author": "Oriol Gual"}]}, {"dirs": ["db/migrate/", "db/"], "name": "20170214191508_create_decidim_newsletters.decidim.rb", "type": "file", "ext": "rb", "ref": "origin/master", "bus_factor": [{"knowledge": 100.0, "author": "Josep Jaume Rey Peroy"}]}, {"dirs": ["config/"], "name": "i18n-tasks.yml", "type": "file", "ext": "yml", "ref": "origin/master", "bus_factor": [{"knowledge": 100.0, "author": "Aitor Porro"}]}, {"dirs": ["db/migrate/", "db/"], "name": "20170222081906_remove_steps_short_description.decidim.rb", "type": "file", "ext": "rb", "ref": "origin/master", "bus_factor": [{"knowledge": 100.0, "author": "Josep Jaume Rey Peroy"}]}, {"dirs": ["db/migrate/", "db/"], "name": "20170222081907_remove_page_feature_titles.decidim_pages.rb", "type": "file", "ext": "rb", "ref": "origin/master", "bus_factor": [{"knowledge": 100.0, "author": "Josep Jaume Rey Peroy"}]}, {"dirs": ["db/migrate/", "db/"], "name": "20170223093814_create_proposal_reports.decidim_proposals.rb", "type": "file", "ext": "rb", "ref": "origin/master", "bus_factor": [{"knowledge": 100.0, "author": "David Morcillo"}]}, {"dirs": ["db/migrate/", "db/"], "name": "20170223093815_add_report_count_to_proposals.decidim_proposals.rb", "type": "file", "ext": "rb", "ref": "origin/master", "bus_factor": [{"knowledge": 100.0, "author": "David Morcillo"}]}, {"dirs": ["db/migrate/", "db/"], "name": "20170223093816_add_hidden_at_to_proposals.decidim_proposals.rb", "type": "file", "ext": "rb", "ref": "origin/master", "bus_factor": [{"knowledge": 100.0, "author": "David Morcillo"}]}, {"dirs": ["db/migrate/", "db/"], "name": "20170223133253_add_anonymous_user_and_modify_existing_proposals.rb", "type": "file", "ext": "rb", "ref": "origin/master", "bus_factor": [{"knowledge": 100.0, "author": "Aitor Porro"}]}, {"dirs": ["db/migrate/", "db/"], "name": "20170302144040_add_organization_custom_reference.decidim.rb", "type": "file", "ext": "rb", "ref": "origin/master", "bus_factor": [{"knowledge": 100.0, "author": "David Morcillo"}]}, {"dirs": ["db/migrate/", "db/"], "name": "20170302144041_add_scopes_to_processes.decidim.rb", "type": "file", "ext": "rb", "ref": "origin/master", "bus_factor": [{"knowledge": 100.0, "author": "David Morcillo"}]}, {"dirs": ["db/migrate/", "db/"], "name": "20170302144042_add_reference_to_meetings.decidim_meetings.rb", "type": "file", "ext": "rb", "ref": "origin/master", "bus_factor": [{"knowledge": 100.0, "author": "David Morcillo"}]}, {"dirs": ["db/migrate/", "db/"], "name": "20170302144043_add_reference_to_proposals.decidim_proposals.rb", "type": "file", "ext": "rb", "ref": "origin/master", "bus_factor": [{"knowledge": 100.0, "author": "David Morcillo"}]}, {"dirs": ["db/migrate/", "db/"], "name": "20170302144044_add_geolocalization_fields_to_proposals.decidim_proposals.rb", "type": "file", "ext": "rb", "ref": "origin/master", "bus_factor": [{"knowledge": 100.0, "author": "David Morcillo"}]}, {"dirs": ["db/migrate/", "db/"], "name": "20170302144045_add_reference_to_results.decidim_results.rb", "type": "file", "ext": "rb", "ref": "origin/master", "bus_factor": [{"knowledge": 100.0, "author": "David Morcillo"}]}, {"dirs": ["db/migrate/", "db/"], "name": "20170302144046_add_reference_to_projects.decidim_budgets.rb", "type": "file", "ext": "rb", "ref": "origin/master", "bus_factor": [{"knowledge": 100.0, "author": "David Morcillo"}]}, {"dirs": ["db/migrate/", "db/"], "name": "20170309085334_add_secondary_hosts_to_organizations.decidim.rb", "type": "file", "ext": "rb", "ref": "origin/master", "bus_factor": [{"knowledge": 100.0, "author": "Marc Riera"}]}, {"dirs": ["db/migrate/", "db/"], "name": "20170315083331_add_participatory_process_groups.decidim.rb", "type": "file", "ext": "rb", "ref": "origin/master", "bus_factor": [{"knowledge": 100.0, "author": "David Morcillo"}]}, {"dirs": ["db/migrate/", "db/"], "name": "20170315083332_create_reports.decidim.rb", "type": "file", "ext": "rb", "ref": "origin/master", "bus_factor": [{"knowledge": 100.0, "author": "David Morcillo"}]}, {"dirs": ["db/migrate/", "db/"], "name": "20170315083333_create_moderations.decidim.rb", "type": "file", "ext": "rb", "ref": "origin/master", "bus_factor": [{"knowledge": 100.0, "author": "David Morcillo"}]}, {"dirs": ["db/migrate/", "db/"], "name": "20170315083334_add_available_authorizations_to_organization.decidim.rb", "type": "file", "ext": "rb", "ref": "origin/master", "bus_factor": [{"knowledge": 100.0, "author": "David Morcillo"}]}, {"dirs": ["db/migrate/", "db/"], "name": "20170315083335_migrate_proposal_reports_data_to_reports.decidim_proposals.rb", "type": "file", "ext": "rb", "ref": "origin/master", "bus_factor": [{"knowledge": 100.0, "author": "David Morcillo"}]}, {"dirs": ["app/controllers/", "app/"], "name": "decidim_controller.rb", "type": "file", "ext": "rb", "ref": "origin/master", "bus_factor": [{"knowledge": 66.67, "author": "Gen\u00eds Matutes"}]}, {"dirs": ["db/migrate/", "db/"], "name": "20170426064140_change_steps_end_and_start_date_to_date.decidim.rb", "type": "file", "ext": "rb", "ref": "origin/master", "bus_factor": [{"knowledge": 100.0, "author": "Oriol Gual"}]}, {"dirs": ["db/migrate/", "db/"], "name": "20170426064141_change_decidim_user_email_index_uniqueness.decidim.rb", "type": "file", "ext": "rb", "ref": "origin/master", "bus_factor": [{"knowledge": 100.0, "author": "Oriol Gual"}]}, {"dirs": ["db/migrate/", "db/"], "name": "20170426064142_add_organization_to_identities.decidim.rb", "type": "file", "ext": "rb", "ref": "origin/master", "bus_factor": [{"knowledge": 100.0, "author": "Oriol Gual"}]}, {"dirs": ["db/migrate/", "db/"], "name": "20170426064143_change_decidim_identities_provider_uid_index_uniqueness.decidim.rb", "type": "file", "ext": "rb", "ref": "origin/master", "bus_factor": [{"knowledge": 100.0, "author": "Oriol Gual"}]}, {"dirs": ["db/migrate/", "db/"], "name": "20170426064144_remove_not_null_reference_meetings.decidim_meetings.rb", "type": "file", "ext": "rb", "ref": "origin/master", "bus_factor": [{"knowledge": 100.0, "author": "Oriol Gual"}]}, {"dirs": ["db/migrate/", "db/"], "name": "20170426064145_remove_not_null_reference_proposals.decidim_proposals.rb", "type": "file", "ext": "rb", "ref": "origin/master", "bus_factor": [{"knowledge": 100.0, "author": "Oriol Gual"}]}, {"dirs": ["db/migrate/", "db/"], "name": "20170426064146_remove_not_null_reference_results.decidim_results.rb", "type": "file", "ext": "rb", "ref": "origin/master", "bus_factor": [{"knowledge": 100.0, "author": "Oriol Gual"}]}, {"dirs": ["db/migrate/", "db/"], "name": "20170426064147_remove_not_null_reference_budgets.decidim_budgets.rb", "type": "file", "ext": "rb", "ref": "origin/master", "bus_factor": [{"knowledge": 100.0, "author": "Oriol Gual"}]}, {"dirs": ["decidim_hospitalet-surveys/"], "name": "README.md", "type": "file", "ext": "md", "ref": "origin/master", "bus_factor": [{"knowledge": 66.67, "author": "Oriol Gual"}]}, {"dirs": ["decidim_hospitalet-surveys/"], "name": "Rakefile", "type": "file", "ext": "decidim_hospitalet-surveys/Rakefile", "ref": "origin/master", "bus_factor": [{"knowledge": 66.67, "author": "Oriol Gual"}]}, {"dirs": ["decidim_hospitalet-surveys/app/assets/images/decidim_hospitalet/surveys/", "decidim_hospitalet-surveys/app/assets/images/decidim_hospitalet/", "decidim_hospitalet-surveys/app/assets/images/", "decidim_hospitalet-surveys/app/assets/", "decidim_hospitalet-surveys/app/", "decidim_hospitalet-surveys/"], "name": "icon.svg", "type": "file", "ext": "svg", "ref": "origin/master", "bus_factor": [{"knowledge": 50.0, "author": "Oriol Gual"}, {"knowledge": 33.33, "author": "Josep Jaume Rey Peroy"}]}, {"dirs": ["decidim_hospitalet-surveys/app/commands/decidim_hospitalet/surveys/admin/", "decidim_hospitalet-surveys/app/commands/decidim_hospitalet/surveys/", "decidim_hospitalet-surveys/app/commands/decidim_hospitalet/", "decidim_hospitalet-surveys/app/commands/", "decidim_hospitalet-surveys/app/", "decidim_hospitalet-surveys/"], "name": "create_survey_result.rb", "type": "file", "ext": "rb", "ref": "origin/master", "bus_factor": [{"knowledge": 42.86, "author": "Marc Riera"}, {"knowledge": 28.57, "author": "Oriol Gual"}, {"knowledge": 19.05, "author": "Aitor Porro"}]}, {"dirs": ["decidim_hospitalet-surveys/app/commands/decidim_hospitalet/surveys/admin/", "decidim_hospitalet-surveys/app/commands/decidim_hospitalet/surveys/", "decidim_hospitalet-surveys/app/commands/decidim_hospitalet/", "decidim_hospitalet-surveys/app/commands/", "decidim_hospitalet-surveys/app/", "decidim_hospitalet-surveys/"], "name": "update_survey_result.rb", "type": "file", "ext": "rb", "ref": "origin/master", "bus_factor": [{"knowledge": 66.67, "author": "Oriol Gual"}]}, {"dirs": ["decidim_hospitalet-surveys/app/commands/decidim_hospitalet/surveys/", "decidim_hospitalet-surveys/app/commands/decidim_hospitalet/", "decidim_hospitalet-surveys/app/commands/", "decidim_hospitalet-surveys/app/", "decidim_hospitalet-surveys/"], "name": "create_survey_result.rb", "type": "file", "ext": "rb", "ref": "origin/master", "bus_factor": [{"knowledge": 33.33, "author": "Oriol Gual"}, {"knowledge": 26.67, "author": "Marc Riera"}, {"knowledge": 26.67, "author": "David Morcillo"}]}, {"dirs": ["decidim_hospitalet-surveys/app/controllers/decidim_hospitalet/surveys/admin/", "decidim_hospitalet-surveys/app/controllers/decidim_hospitalet/surveys/", "decidim_hospitalet-surveys/app/controllers/decidim_hospitalet/", "decidim_hospitalet-surveys/app/controllers/", "decidim_hospitalet-surveys/app/", "decidim_hospitalet-surveys/"], "name": "application_controller.rb", "type": "file", "ext": "rb", "ref": "origin/master", "bus_factor": [{"knowledge": 66.67, "author": "Oriol Gual"}]}, {"dirs": ["decidim_hospitalet-surveys/app/controllers/decidim_hospitalet/surveys/admin/", "decidim_hospitalet-surveys/app/controllers/decidim_hospitalet/surveys/", "decidim_hospitalet-surveys/app/controllers/decidim_hospitalet/", "decidim_hospitalet-surveys/app/controllers/", "decidim_hospitalet-surveys/app/", "decidim_hospitalet-surveys/"], "name": "survey_results_controller.rb", "type": "file", "ext": "rb", "ref": "origin/master", "bus_factor": [{"knowledge": 53.33, "author": "Oriol Gual"}, {"knowledge": 40.0, "author": "David Morcillo"}]}, {"dirs": ["decidim_hospitalet-surveys/app/controllers/decidim_hospitalet/surveys/", "decidim_hospitalet-surveys/app/controllers/decidim_hospitalet/", "decidim_hospitalet-surveys/app/controllers/", "decidim_hospitalet-surveys/app/", "decidim_hospitalet-surveys/"], "name": "application_controller.rb", "type": "file", "ext": "rb", "ref": "origin/master", "bus_factor": [{"knowledge": 66.67, "author": "Oriol Gual"}]}, {"dirs": ["decidim_hospitalet-surveys/app/controllers/decidim_hospitalet/surveys/", "decidim_hospitalet-surveys/app/controllers/decidim_hospitalet/", "decidim_hospitalet-surveys/app/controllers/", "decidim_hospitalet-surveys/app/", "decidim_hospitalet-surveys/"], "name": "survey_results_controller.rb", "type": "file", "ext": "rb", "ref": "origin/master", "bus_factor": [{"knowledge": 53.33, "author": "Oriol Gual"}, {"knowledge": 33.33, "author": "Marc Riera"}]}, {"dirs": ["decidim_hospitalet-surveys/app/forms/decidim_hospitalet/surveys/admin/", "decidim_hospitalet-surveys/app/forms/decidim_hospitalet/surveys/", "decidim_hospitalet-surveys/app/forms/decidim_hospitalet/", "decidim_hospitalet-surveys/app/forms/", "decidim_hospitalet-surveys/app/", "decidim_hospitalet-surveys/"], "name": "survey_result_form.rb", "type": "file", "ext": "rb", "ref": "origin/master", "bus_factor": [{"knowledge": 46.67, "author": "Oriol Gual"}, {"knowledge": 26.67, "author": "Marc Riera"}, {"knowledge": 26.67, "author": "Aitor Porro"}]}, {"dirs": ["decidim_hospitalet-surveys/app/forms/decidim_hospitalet/surveys/", "decidim_hospitalet-surveys/app/forms/decidim_hospitalet/", "decidim_hospitalet-surveys/app/forms/", "decidim_hospitalet-surveys/app/", "decidim_hospitalet-surveys/"], "name": "survey_form.rb", "type": "file", "ext": "rb", "ref": "origin/master", "bus_factor": [{"knowledge": 38.89, "author": "Oriol Gual"}, {"knowledge": 36.11, "author": "Marc Riera"}]}, {"dirs": ["decidim_hospitalet-surveys/app/helpers/decidim_hospitalet/surveys/admin/", "decidim_hospitalet-surveys/app/helpers/decidim_hospitalet/surveys/", "decidim_hospitalet-surveys/app/helpers/decidim_hospitalet/", "decidim_hospitalet-surveys/app/helpers/", "decidim_hospitalet-surveys/app/", "decidim_hospitalet-surveys/"], "name": "application_helper.rb", "type": "file", "ext": "rb", "ref": "origin/master", "bus_factor": [{"knowledge": 66.67, "author": "Oriol Gual"}]}, {"dirs": ["decidim_hospitalet-surveys/app/helpers/decidim_hospitalet/surveys/", "decidim_hospitalet-surveys/app/helpers/decidim_hospitalet/", "decidim_hospitalet-surveys/app/helpers/", "decidim_hospitalet-surveys/app/", "decidim_hospitalet-surveys/"], "name": "application_helper.rb", "type": "file", "ext": "rb", "ref": "origin/master", "bus_factor": [{"knowledge": 66.67, "author": "Oriol Gual"}]}, {"dirs": ["decidim_hospitalet-surveys/app/helpers/decidim_hospitalet/surveys/", "decidim_hospitalet-surveys/app/helpers/decidim_hospitalet/", "decidim_hospitalet-surveys/app/helpers/", "decidim_hospitalet-surveys/app/", "decidim_hospitalet-surveys/"], "name": "surveys_helper.rb", "type": "file", "ext": "rb", "ref": "origin/master", "bus_factor": [{"knowledge": 66.67, "author": "Oriol Gual"}]}, {"dirs": ["decidim_hospitalet-surveys/app/models/decidim_hospitalet/surveys/", "decidim_hospitalet-surveys/app/models/decidim_hospitalet/", "decidim_hospitalet-surveys/app/models/", "decidim_hospitalet-surveys/app/", "decidim_hospitalet-surveys/"], "name": "ability.rb", "type": "file", "ext": "rb", "ref": "origin/master", "bus_factor": [{"knowledge": 66.67, "author": "Oriol Gual"}]}, {"dirs": ["decidim_hospitalet-surveys/app/models/decidim_hospitalet/surveys/", "decidim_hospitalet-surveys/app/models/decidim_hospitalet/", "decidim_hospitalet-surveys/app/models/", "decidim_hospitalet-surveys/app/", "decidim_hospitalet-surveys/"], "name": "application_record.rb", "type": "file", "ext": "rb", "ref": "origin/master", "bus_factor": [{"knowledge": 66.67, "author": "Oriol Gual"}]}, {"dirs": ["decidim_hospitalet-surveys/app/models/decidim_hospitalet/surveys/", "decidim_hospitalet-surveys/app/models/decidim_hospitalet/", "decidim_hospitalet-surveys/app/models/", "decidim_hospitalet-surveys/app/", "decidim_hospitalet-surveys/"], "name": "survey_result.rb", "type": "file", "ext": "rb", "ref": "origin/master", "bus_factor": [{"knowledge": 38.1, "author": "Oriol Gual"}, {"knowledge": 28.57, "author": "Josep Jaume Rey Peroy"}, {"knowledge": 28.57, "author": "David Morcillo"}]}, {"dirs": ["decidim_hospitalet-surveys/app/presenters/decidim_hospitalet/surveys/", "decidim_hospitalet-surveys/app/presenters/decidim_hospitalet/", "decidim_hospitalet-surveys/app/presenters/", "decidim_hospitalet-surveys/app/", "decidim_hospitalet-surveys/"], "name": "survey_csv_presenter.rb", "type": "file", "ext": "rb", "ref": "origin/master", "bus_factor": [{"knowledge": 50.0, "author": "Oriol Gual"}, {"knowledge": 33.33, "author": "Aitor Porro"}]}, {"dirs": ["decidim_hospitalet-surveys/app/services/decidim_hospitalet/surveys/", "decidim_hospitalet-surveys/app/services/decidim_hospitalet/", "decidim_hospitalet-surveys/app/services/", "decidim_hospitalet-surveys/app/", "decidim_hospitalet-surveys/"], "name": "towns.rb", "type": "file", "ext": "rb", "ref": "origin/master", "bus_factor": [{"knowledge": 66.67, "author": "Oriol Gual"}]}, {"dirs": ["decidim_hospitalet-surveys/app/views/decidim_hospitalet/surveys/admin/survey_results/", "decidim_hospitalet-surveys/app/views/decidim_hospitalet/surveys/admin/", "decidim_hospitalet-surveys/app/views/decidim_hospitalet/surveys/", "decidim_hospitalet-surveys/app/views/decidim_hospitalet/", "decidim_hospitalet-surveys/app/views/", "decidim_hospitalet-surveys/app/", "decidim_hospitalet-surveys/"], "name": "_form.html.erb", "type": "file", "ext": "erb", "ref": "origin/master", "bus_factor": [{"knowledge": 50.0, "author": "Oriol Gual"}, {"knowledge": 33.33, "author": "David Morcillo"}]}, {"dirs": ["decidim_hospitalet-surveys/app/views/decidim_hospitalet/surveys/admin/survey_results/", "decidim_hospitalet-surveys/app/views/decidim_hospitalet/surveys/admin/", "decidim_hospitalet-surveys/app/views/decidim_hospitalet/surveys/", "decidim_hospitalet-surveys/app/views/decidim_hospitalet/", "decidim_hospitalet-surveys/app/views/", "decidim_hospitalet-surveys/app/", "decidim_hospitalet-surveys/"], "name": "edit.html.erb", "type": "file", "ext": "erb", "ref": "origin/master", "bus_factor": [{"knowledge": 50.0, "author": "Oriol Gual"}, {"knowledge": 33.33, "author": "David Morcillo"}]}, {"dirs": ["decidim_hospitalet-surveys/app/views/decidim_hospitalet/surveys/admin/survey_results/", "decidim_hospitalet-surveys/app/views/decidim_hospitalet/surveys/admin/", "decidim_hospitalet-surveys/app/views/decidim_hospitalet/surveys/", "decidim_hospitalet-surveys/app/views/decidim_hospitalet/", "decidim_hospitalet-surveys/app/views/", "decidim_hospitalet-surveys/app/", "decidim_hospitalet-surveys/"], "name": "index.html.erb", "type": "file", "ext": "erb", "ref": "origin/master", "bus_factor": [{"knowledge": 47.62, "author": "Oriol Gual"}, {"knowledge": 33.33, "author": "David Morcillo"}]}, {"dirs": ["decidim_hospitalet-surveys/app/views/decidim_hospitalet/surveys/admin/survey_results/", "decidim_hospitalet-surveys/app/views/decidim_hospitalet/surveys/admin/", "decidim_hospitalet-surveys/app/views/decidim_hospitalet/surveys/", "decidim_hospitalet-surveys/app/views/decidim_hospitalet/", "decidim_hospitalet-surveys/app/views/", "decidim_hospitalet-surveys/app/", "decidim_hospitalet-surveys/"], "name": "new.html.erb", "type": "file", "ext": "erb", "ref": "origin/master", "bus_factor": [{"knowledge": 46.67, "author": "Oriol Gual"}, {"knowledge": 26.67, "author": "Marc Riera"}, {"knowledge": 26.67, "author": "David Morcillo"}]}, {"dirs": ["decidim_hospitalet-surveys/app/views/decidim_hospitalet/surveys/survey_results/", "decidim_hospitalet-surveys/app/views/decidim_hospitalet/surveys/", "decidim_hospitalet-surveys/app/views/decidim_hospitalet/", "decidim_hospitalet-surveys/app/views/", "decidim_hospitalet-surveys/app/", "decidim_hospitalet-surveys/"], "name": "_form.html.erb", "type": "file", "ext": "erb", "ref": "origin/master", "bus_factor": [{"knowledge": 39.29, "author": "Oriol Gual"}, {"knowledge": 32.14, "author": "Marc Riera"}, {"knowledge": 28.57, "author": "David Morcillo"}]}, {"dirs": ["decidim_hospitalet-surveys/app/views/decidim_hospitalet/surveys/survey_results/", "decidim_hospitalet-surveys/app/views/decidim_hospitalet/surveys/", "decidim_hospitalet-surveys/app/views/decidim_hospitalet/", "decidim_hospitalet-surveys/app/views/", "decidim_hospitalet-surveys/app/", "decidim_hospitalet-surveys/"], "name": "index.html.erb", "type": "file", "ext": "erb", "ref": "origin/master", "bus_factor": [{"knowledge": 60.0, "author": "Oriol Gual"}, {"knowledge": 40.0, "author": "Marc Riera"}]}, {"dirs": ["decidim_hospitalet-surveys/app/views/decidim_hospitalet/surveys/survey_results/", "decidim_hospitalet-surveys/app/views/decidim_hospitalet/surveys/", "decidim_hospitalet-surveys/app/views/decidim_hospitalet/", "decidim_hospitalet-surveys/app/views/", "decidim_hospitalet-surveys/app/", "decidim_hospitalet-surveys/"], "name": "new.html.erb", "type": "file", "ext": "erb", "ref": "origin/master", "bus_factor": [{"knowledge": 44.44, "author": "Marc Riera"}, {"knowledge": 44.44, "author": "Oriol Gual"}]}, {"dirs": ["decidim_hospitalet-surveys/app/views/devise/mailer/", "decidim_hospitalet-surveys/app/views/devise/", "decidim_hospitalet-surveys/app/views/", "decidim_hospitalet-surveys/app/", "decidim_hospitalet-surveys/"], "name": "invite_user.html.erb", "type": "file", "ext": "erb", "ref": "origin/master", "bus_factor": [{"knowledge": 66.67, "author": "Oriol Gual"}]}, {"dirs": ["decidim_hospitalet-surveys/app/views/devise/mailer/", "decidim_hospitalet-surveys/app/views/devise/", "decidim_hospitalet-surveys/app/views/", "decidim_hospitalet-surveys/app/", "decidim_hospitalet-surveys/"], "name": "invite_user.text.erb", "type": "file", "ext": "erb", "ref": "origin/master", "bus_factor": [{"knowledge": 66.67, "author": "Oriol Gual"}]}, {"dirs": ["decidim_hospitalet-surveys/bin/", "decidim_hospitalet-surveys/"], "name": "rails", "type": "file", "ext": "decidim_hospitalet-surveys/bin/rails", "ref": "origin/master", "bus_factor": [{"knowledge": 66.67, "author": "Oriol Gual"}]}, {"dirs": ["decidim_hospitalet-surveys/config/", "decidim_hospitalet-surveys/"], "name": "i18n-tasks.yml", "type": "file", "ext": "yml", "ref": "origin/master", "bus_factor": [{"knowledge": 50.0, "author": "Oriol Gual"}, {"knowledge": 33.33, "author": "Aitor Porro"}]}, {"dirs": ["decidim_hospitalet-surveys/config/locales/", "decidim_hospitalet-surveys/config/", "decidim_hospitalet-surveys/"], "name": "ca.yml", "type": "file", "ext": "yml", "ref": "origin/master", "bus_factor": [{"knowledge": 30.56, "author": "David Morcillo"}, {"knowledge": 27.78, "author": "Oriol Gual"}, {"knowledge": 16.67, "author": "Aitor Porro"}]}, {"dirs": ["decidim_hospitalet-surveys/config/locales/", "decidim_hospitalet-surveys/config/", "decidim_hospitalet-surveys/"], "name": "es.yml", "type": "file", "ext": "yml", "ref": "origin/master", "bus_factor": [{"knowledge": 30.56, "author": "David Morcillo"}, {"knowledge": 27.78, "author": "Oriol Gual"}, {"knowledge": 16.67, "author": "Aitor Porro"}]}, {"dirs": ["decidim_hospitalet-surveys/db/migrate/", "decidim_hospitalet-surveys/db/", "decidim_hospitalet-surveys/"], "name": "20170109130000_add_survey_results.rb", "type": "file", "ext": "rb", "ref": "origin/master", "bus_factor": [{"knowledge": 66.67, "author": "Oriol Gual"}]}, {"dirs": ["decidim_hospitalet-surveys/db/migrate/", "decidim_hospitalet-surveys/db/", "decidim_hospitalet-surveys/"], "name": "20170120093953_add_created_by_admin_to_survey_results.rb", "type": "file", "ext": "rb", "ref": "origin/master", "bus_factor": [{"knowledge": 66.67, "author": "Oriol Gual"}]}, {"dirs": ["decidim_hospitalet-surveys/db/migrate/", "decidim_hospitalet-surveys/db/", "decidim_hospitalet-surveys/"], "name": "20170120114450_fix_surveys_indexs.rb", "type": "file", "ext": "rb", "ref": "origin/master", "bus_factor": [{"knowledge": 66.67, "author": "Oriol Gual"}]}, {"dirs": ["decidim_hospitalet-surveys/db/migrate/", "decidim_hospitalet-surveys/db/", "decidim_hospitalet-surveys/"], "name": "20170207101556_add_author_to_survey_results.rb", "type": "file", "ext": "rb", "ref": "origin/master", "bus_factor": [{"knowledge": 66.67, "author": "Oriol Gual"}]}, {"dirs": ["decidim_hospitalet-surveys/"], "name": "decidim_hospitalet-surveys.gemspec", "type": "file", "ext": "gemspec", "ref": "origin/master", "bus_factor": [{"knowledge": 50.0, "author": "Josep Jaume Rey Peroy"}, {"knowledge": 33.33, "author": "Oriol Gual"}]}, {"dirs": ["decidim_hospitalet-surveys/lib/decidim_hospitalet/", "decidim_hospitalet-surveys/lib/", "decidim_hospitalet-surveys/"], "name": "surveys.rb", "type": "file", "ext": "rb", "ref": "origin/master", "bus_factor": [{"knowledge": 66.67, "author": "Oriol Gual"}]}, {"dirs": ["decidim_hospitalet-surveys/lib/decidim_hospitalet/surveys/", "decidim_hospitalet-surveys/lib/decidim_hospitalet/", "decidim_hospitalet-surveys/lib/", "decidim_hospitalet-surveys/"], "name": "admin.rb", "type": "file", "ext": "rb", "ref": "origin/master", "bus_factor": [{"knowledge": 66.67, "author": "Oriol Gual"}]}, {"dirs": ["decidim_hospitalet-surveys/lib/decidim_hospitalet/surveys/", "decidim_hospitalet-surveys/lib/decidim_hospitalet/", "decidim_hospitalet-surveys/lib/", "decidim_hospitalet-surveys/"], "name": "admin_engine.rb", "type": "file", "ext": "rb", "ref": "origin/master", "bus_factor": [{"knowledge": 50.0, "author": "Oriol Gual"}, {"knowledge": 33.33, "author": "Gen\u00eds Matutes"}]}, {"dirs": ["decidim_hospitalet-surveys/lib/decidim_hospitalet/surveys/", "decidim_hospitalet-surveys/lib/decidim_hospitalet/", "decidim_hospitalet-surveys/lib/", "decidim_hospitalet-surveys/"], "name": "engine.rb", "type": "file", "ext": "rb", "ref": "origin/master", "bus_factor": [{"knowledge": 66.67, "author": "Oriol Gual"}]}, {"dirs": ["decidim_hospitalet-surveys/lib/decidim_hospitalet/surveys/", "decidim_hospitalet-surveys/lib/decidim_hospitalet/", "decidim_hospitalet-surveys/lib/", "decidim_hospitalet-surveys/"], "name": "feature.rb", "type": "file", "ext": "rb", "ref": "origin/master", "bus_factor": [{"knowledge": 50.0, "author": "Oriol Gual"}, {"knowledge": 33.33, "author": "Gen\u00eds Matutes"}]}, {"dirs": ["decidim_hospitalet-surveys/spec/commands/decidim_hospitalet/surveys/admin/", "decidim_hospitalet-surveys/spec/commands/decidim_hospitalet/surveys/", "decidim_hospitalet-surveys/spec/commands/decidim_hospitalet/", "decidim_hospitalet-surveys/spec/commands/", "decidim_hospitalet-surveys/spec/", "decidim_hospitalet-surveys/"], "name": "create_survey_result_spec.rb", "type": "file", "ext": "rb", "ref": "origin/master", "bus_factor": [{"knowledge": 39.29, "author": "Marc Riera"}, {"knowledge": 35.71, "author": "Oriol Gual"}]}, {"dirs": ["decidim_hospitalet-surveys/spec/commands/decidim_hospitalet/surveys/admin/", "decidim_hospitalet-surveys/spec/commands/decidim_hospitalet/surveys/", "decidim_hospitalet-surveys/spec/commands/decidim_hospitalet/", "decidim_hospitalet-surveys/spec/commands/", "decidim_hospitalet-surveys/spec/", "decidim_hospitalet-surveys/"], "name": "update_survey_result_spec.rb", "type": "file", "ext": "rb", "ref": "origin/master", "bus_factor": [{"knowledge": 66.67, "author": "Oriol Gual"}]}, {"dirs": ["decidim_hospitalet-surveys/spec/commands/decidim_hospitalet/surveys/", "decidim_hospitalet-surveys/spec/commands/decidim_hospitalet/", "decidim_hospitalet-surveys/spec/commands/", "decidim_hospitalet-surveys/spec/", "decidim_hospitalet-surveys/"], "name": "create_survey_result_spec.rb", "type": "file", "ext": "rb", "ref": "origin/master", "bus_factor": [{"knowledge": 33.33, "author": "Oriol Gual"}, {"knowledge": 26.67, "author": "Marc Riera"}, {"knowledge": 26.67, "author": "David Morcillo"}]}, {"dirs": ["decidim_hospitalet-surveys/spec/", "decidim_hospitalet-surveys/"], "name": "factories.rb", "type": "file", "ext": "rb", "ref": "origin/master", "bus_factor": [{"knowledge": 50.0, "author": "Oriol Gual"}, {"knowledge": 33.33, "author": "David Morcillo"}]}, {"dirs": ["decidim_hospitalet-surveys/spec/features/", "decidim_hospitalet-surveys/spec/", "decidim_hospitalet-surveys/"], "name": "admin_manages_surveys_spec.rb", "type": "file", "ext": "rb", "ref": "origin/master", "bus_factor": [{"knowledge": 66.67, "author": "Oriol Gual"}]}, {"dirs": ["decidim_hospitalet-surveys/spec/features/", "decidim_hospitalet-surveys/spec/", "decidim_hospitalet-surveys/"], "name": "process_admin_manages_surveys_spec.rb", "type": "file", "ext": "rb", "ref": "origin/master", "bus_factor": [{"knowledge": 66.67, "author": "Oriol Gual"}]}, {"dirs": ["decidim_hospitalet-surveys/spec/features/", "decidim_hospitalet-surveys/spec/", "decidim_hospitalet-surveys/"], "name": "surveys_spec.rb", "type": "file", "ext": "rb", "ref": "origin/master", "bus_factor": [{"knowledge": 50.0, "author": "Oriol Gual"}, {"knowledge": 33.33, "author": "Gen\u00eds Matutes"}]}, {"dirs": ["decidim_hospitalet-surveys/spec/features/", "decidim_hospitalet-surveys/spec/", "decidim_hospitalet-surveys/"], "name": "user_invite_spec.rb", "type": "file", "ext": "rb", "ref": "origin/master", "bus_factor": [{"knowledge": 60.0, "author": "Oriol Gual"}, {"knowledge": 30.0, "author": "Josep Jaume Rey Peroy"}]}, {"dirs": ["decidim_hospitalet-surveys/spec/forms/decidim_hospitalet/surveys/admin/", "decidim_hospitalet-surveys/spec/forms/decidim_hospitalet/surveys/", "decidim_hospitalet-surveys/spec/forms/decidim_hospitalet/", "decidim_hospitalet-surveys/spec/forms/", "decidim_hospitalet-surveys/spec/", "decidim_hospitalet-surveys/"], "name": "survey_form_spec.rb", "type": "file", "ext": "rb", "ref": "origin/master", "bus_factor": [{"knowledge": 50.0, "author": "Oriol Gual"}, {"knowledge": 33.33, "author": "Aitor Porro"}]}, {"dirs": ["decidim_hospitalet-surveys/spec/forms/decidim_hospitalet/surveys/", "decidim_hospitalet-surveys/spec/forms/decidim_hospitalet/", "decidim_hospitalet-surveys/spec/forms/", "decidim_hospitalet-surveys/spec/", "decidim_hospitalet-surveys/"], "name": "survey_form_spec.rb", "type": "file", "ext": "rb", "ref": "origin/master", "bus_factor": [{"knowledge": 33.33, "author": "Oriol Gual"}, {"knowledge": 26.67, "author": "Marc Riera"}, {"knowledge": 26.67, "author": "Gen\u00eds Matutes"}]}, {"dirs": ["decidim_hospitalet-surveys/spec/lib/decidim_hospitalet/surveys/", "decidim_hospitalet-surveys/spec/lib/decidim_hospitalet/", "decidim_hospitalet-surveys/spec/lib/", "decidim_hospitalet-surveys/spec/", "decidim_hospitalet-surveys/"], "name": "feature_spec.rb", "type": "file", "ext": "rb", "ref": "origin/master", "bus_factor": [{"knowledge": 66.67, "author": "Oriol Gual"}]}, {"dirs": ["decidim_hospitalet-surveys/spec/models/decidim_hospitalet/surveys/", "decidim_hospitalet-surveys/spec/models/decidim_hospitalet/", "decidim_hospitalet-surveys/spec/models/", "decidim_hospitalet-surveys/spec/", "decidim_hospitalet-surveys/"], "name": "ability_spec.rb", "type": "file", "ext": "rb", "ref": "origin/master", "bus_factor": [{"knowledge": 66.67, "author": "Oriol Gual"}]}, {"dirs": ["decidim_hospitalet-surveys/spec/models/decidim_hospitalet/surveys/", "decidim_hospitalet-surveys/spec/models/decidim_hospitalet/", "decidim_hospitalet-surveys/spec/models/", "decidim_hospitalet-surveys/spec/", "decidim_hospitalet-surveys/"], "name": "survey_result_spec.rb", "type": "file", "ext": "rb", "ref": "origin/master", "bus_factor": [{"knowledge": 50.0, "author": "Oriol Gual"}, {"knowledge": 33.33, "author": "David Morcillo"}]}, {"dirs": ["decidim_hospitalet-surveys/spec/presenters/decidim_hospitalet/surveys/", "decidim_hospitalet-surveys/spec/presenters/decidim_hospitalet/", "decidim_hospitalet-surveys/spec/presenters/", "decidim_hospitalet-surveys/spec/", "decidim_hospitalet-surveys/"], "name": "survey_csv_presenter_spec.rb", "type": "file", "ext": "rb", "ref": "origin/master", "bus_factor": [{"knowledge": 50.0, "author": "Oriol Gual"}, {"knowledge": 33.33, "author": "Aitor Porro"}]}, {"dirs": ["decidim_hospitalet-surveys/spec/shared/", "decidim_hospitalet-surveys/spec/", "decidim_hospitalet-surveys/"], "name": "admin_shared_context.rb", "type": "file", "ext": "rb", "ref": "origin/master", "bus_factor": [{"knowledge": 66.67, "author": "Oriol Gual"}]}, {"dirs": ["decidim_hospitalet-surveys/spec/shared/", "decidim_hospitalet-surveys/spec/", "decidim_hospitalet-surveys/"], "name": "manage_surveys_examples.rb", "type": "file", "ext": "rb", "ref": "origin/master", "bus_factor": [{"knowledge": 50.0, "author": "Oriol Gual"}, {"knowledge": 33.33, "author": "David Morcillo"}]}, {"dirs": ["decidim_hospitalet-surveys/spec/", "decidim_hospitalet-surveys/"], "name": "spec_helper.rb", "type": "file", "ext": "rb", "ref": "origin/master", "bus_factor": [{"knowledge": 66.67, "author": "Oriol Gual"}]}, {"dirs": ["db/migrate/", "db/"], "name": "20170518133709_add_root_commentable_to_comments.decidim_comments.rb", "type": "file", "ext": "rb", "ref": "origin/master", "bus_factor": [{"knowledge": 100.0, "author": "Josep Jaume Rey Peroy"}]}, {"dirs": ["db/migrate/", "db/"], "name": "20170518133710_update_root_commentable_for_comments.decidim_comments.rb", "type": "file", "ext": "rb", "ref": "origin/master", "bus_factor": [{"knowledge": 100.0, "author": "Josep Jaume Rey Peroy"}]}, {"dirs": ["db/migrate/", "db/"], "name": "20170518133711_set_root_commentable_null_constraints.decidim_comments.rb", "type": "file", "ext": "rb", "ref": "origin/master", "bus_factor": [{"knowledge": 100.0, "author": "Josep Jaume Rey Peroy"}]}, {"dirs": ["db/migrate/", "db/"], "name": "20170605115933_add_rejected_at_to_user_groups.decidim.rb", "type": "file", "ext": "rb", "ref": "origin/master", "bus_factor": [{"knowledge": 100.0, "author": "Josep Jaume Rey Peroy"}]}, {"dirs": ["db/migrate/", "db/"], "name": "20170620081815_add_deleted_fields_to_users.decidim.rb", "type": "file", "ext": "rb", "ref": "origin/master", "bus_factor": [{"knowledge": 100.0, "author": "David Morcillo"}]}, {"dirs": ["db/migrate/", "db/"], "name": "20170620081816_set_email_unique_in_organization_conditional.decidim.rb", "type": "file", "ext": "rb", "ref": "origin/master", "bus_factor": [{"knowledge": 100.0, "author": "David Morcillo"}]}, {"dirs": ["db/migrate/", "db/"], "name": "20170620081817_add_organization_to_user_groups.decidim.rb", "type": "file", "ext": "rb", "ref": "origin/master", "bus_factor": [{"knowledge": 100.0, "author": "David Morcillo"}]}, {"dirs": ["db/migrate/", "db/"], "name": "20170620081818_add_uniqueness_to_name_and_document_number_to_user_groups.decidim.rb", "type": "file", "ext": "rb", "ref": "origin/master", "bus_factor": [{"knowledge": 100.0, "author": "David Morcillo"}]}, {"dirs": ["db/migrate/", "db/"], "name": "20170620081819_create_decidim_categorizations.decidim.rb", "type": "file", "ext": "rb", "ref": "origin/master", "bus_factor": [{"knowledge": 100.0, "author": "David Morcillo"}]}, {"dirs": ["db/migrate/", "db/"], "name": "20170620081820_migrate_meetings_category.decidim_meetings.rb", "type": "file", "ext": "rb", "ref": "origin/master", "bus_factor": [{"knowledge": 100.0, "author": "David Morcillo"}]}, {"dirs": ["db/migrate/", "db/"], "name": "20170620081821_migrate_proposals_category.decidim_proposals.rb", "type": "file", "ext": "rb", "ref": "origin/master", "bus_factor": [{"knowledge": 100.0, "author": "David Morcillo"}]}, {"dirs": ["db/migrate/", "db/"], "name": "20170620081822_migrate_results_category.decidim_results.rb", "type": "file", "ext": "rb", "ref": "origin/master", "bus_factor": [{"knowledge": 100.0, "author": "David Morcillo"}]}, {"dirs": ["db/migrate/", "db/"], "name": "20170620081823_migrate_projects_category.decidim_budgets.rb", "type": "file", "ext": "rb", "ref": "origin/master", "bus_factor": [{"knowledge": 100.0, "author": "David Morcillo"}]}, {"dirs": ["db/migrate/", "db/"], "name": "20170620081824_create_decidim_surveys.decidim_surveys.rb", "type": "file", "ext": "rb", "ref": "origin/master", "bus_factor": [{"knowledge": 100.0, "author": "David Morcillo"}]}, {"dirs": ["db/migrate/", "db/"], "name": "20170620081825_create_decidim_survey_questions.decidim_surveys.rb", "type": "file", "ext": "rb", "ref": "origin/master", "bus_factor": [{"knowledge": 100.0, "author": "David Morcillo"}]}, {"dirs": ["db/migrate/", "db/"], "name": "20170620081826_create_decidim_survey_answers.decidim_surveys.rb", "type": "file", "ext": "rb", "ref": "origin/master", "bus_factor": [{"knowledge": 100.0, "author": "David Morcillo"}]}, {"dirs": ["db/migrate/", "db/"], "name": "20170620081827_add_position_to_surveys_questions.decidim_surveys.rb", "type": "file", "ext": "rb", "ref": "origin/master", "bus_factor": [{"knowledge": 100.0, "author": "David Morcillo"}]}, {"dirs": ["db/migrate/", "db/"], "name": "20170620081828_add_mandatory_to_surveys_questions.decidim_surveys.rb", "type": "file", "ext": "rb", "ref": "origin/master", "bus_factor": [{"knowledge": 100.0, "author": "David Morcillo"}]}, {"dirs": ["db/migrate/", "db/"], "name": "20170620081829_add_question_type_to_surveys_questions.decidim_surveys.rb", "type": "file", "ext": "rb", "ref": "origin/master", "bus_factor": [{"knowledge": 100.0, "author": "David Morcillo"}]}, {"dirs": ["db/migrate/", "db/"], "name": "20170620081830_add_answer_options_to_surveys_questions.decidim_surveys.rb", "type": "file", "ext": "rb", "ref": "origin/master", "bus_factor": [{"knowledge": 100.0, "author": "David Morcillo"}]}]}
