{"user_relevance": [{"status": "in bus factor", "type": "user", "name": "Josep Jaume Rey Peroy", "knowledge": 55.89}, {"status": "in bus factor", "type": "user", "name": "Oriol Gual", "knowledge": 19.34}, {"status": "not in bus factor", "type": "user", "name": "David Morcillo", "knowledge": 14.46}, {"status": "not in bus factor", "type": "user", "name": "Marc Riera", "knowledge": 6.78}, {"status": "not in bus factor", "type": "user", "name": "Aitor Porro", "knowledge": 1.89}, {"status": "not in bus factor", "type": "user", "name": "Gen\u00eds Matutes", "knowledge": 1.64}, {"status": "not in bus factor", "type": "user", "name": "decidim-bot", "knowledge": 0}, {"status": "not in bus factor", "type": "user", "name": "GitHub", "knowledge": 0}]}
